flow,origin,destination,CL_origin,CL_destination,CC_origin,CC_destination,S_origin,S_destination,SC_origin,SC_destination,sum_origin,sum_destination
34530,12,166,128,120,0,0,0,56,2076,2368,2204,2544
1461,12,147,128,688,0,0,0,187,2076,12517,2204,13392
1604,12,116,128,692,0,0,0,6,2076,15491,2204,16189
13905,12,85,128,1004,0,0,0,14,2076,35866,2204,36884
4495,12,191,128,284,0,0,0,76,2076,2396,2204,2756
308,12,130,128,2766,0,0,0,40,2076,15853,2204,18659
26,12,77,128,260,0,0,0,0,2076,3882,2204,4142
2,12,71,128,56,0,0,0,0,2076,510,2204,566
13318,12,189,128,30,0,0,0,43,2076,32,2204,105
117,12,170,128,358,0,0,0,52,2076,3780,2204,4190
2971,12,86,128,368,0,0,0,10,2076,5506,2204,5884
104,12,142,128,450,0,0,0,0,2076,4255,2204,4705
83,12,152,128,278,0,0,0,30,2076,1385,2204,1693
165,12,129,128,48,0,0,0,6,2076,716,2204,770
14,12,119,128,46,0,0,0,33,2076,1423,2204,1502
66,12,95,128,866,0,0,0,122,2076,7158,2204,8146
33,12,108,128,54,0,0,0,44,2076,169,2204,267
429,12,109,128,860,0,0,0,0,2076,6383,2204,7243
6,12,182,128,28,0,0,0,50,2076,62,2204,140
10,12,74,128,20,0,0,0,50,2076,16,2204,86
26,12,36,128,96,0,0,0,0,2076,479,2204,575
1,12,137,128,6,0,0,0,2,2076,36,2204,44
14,12,138,128,672,0,0,0,10,2076,4236,2204,4918
978,12,11,128,4,0,0,0,0,2076,38,2204,42
66288,147,166,688,120,0,0,187,56,12517,2368,13392,2544
1277,147,170,688,358,0,0,187,52,12517,3780,13392,4190
1452,147,12,688,128,0,0,187,0,12517,2076,13392,2204
1995,147,116,688,692,0,0,187,6,12517,15491,13392,16189
7980,147,85,688,1004,0,0,187,14,12517,35866,13392,36884
895,147,130,688,2766,0,0,187,40,12517,15853,13392,18659
181,147,77,688,260,0,0,187,0,12517,3882,13392,4142
106,147,71,688,56,0,0,187,0,12517,510,13392,566
15246,147,189,688,30,0,0,187,43,12517,32,13392,105
1337,147,86,688,368,0,0,187,10,12517,5506,13392,5884
1031,147,152,688,278,0,0,187,30,12517,1385,13392,1693
397,147,129,688,48,0,0,187,6,12517,716,13392,770
133,147,119,688,46,0,0,187,33,12517,1423,13392,1502
25,147,186,688,344,0,0,187,10,12517,1261,13392,1615
169,147,95,688,866,0,0,187,122,12517,7158,13392,8146
190,147,108,688,54,0,0,187,44,12517,169,13392,267
260,147,109,688,860,0,0,187,0,12517,6383,13392,7243
50,147,182,688,28,0,0,187,50,12517,62,13392,140
129,147,74,688,20,0,0,187,50,12517,16,13392,86
45,147,137,688,6,0,0,187,2,12517,36,13392,44
34,147,138,688,672,0,0,187,10,12517,4236,13392,4918
18,147,36,688,96,0,0,187,0,12517,479,13392,575
1399,147,37,688,0,0,0,187,115,12517,0,13392,115
340,147,41,688,8,0,0,187,0,12517,42,13392,50
1652,116,12,692,128,0,0,6,0,15491,2076,16189,2204
1919,116,147,692,688,0,0,6,187,15491,12517,16189,13392
44483,116,166,692,120,0,0,6,56,15491,2368,16189,2544
3374,116,85,692,1004,0,0,6,14,15491,35866,16189,36884
3406,116,191,692,284,0,0,6,76,15491,2396,16189,2756
3019,116,130,692,2766,0,0,6,40,15491,15853,16189,18659
806,116,77,692,260,0,0,6,0,15491,3882,16189,4142
126,116,71,692,56,0,0,6,0,15491,510,16189,566
4010,116,189,692,30,0,0,6,43,15491,32,16189,105
438,116,170,692,358,0,0,6,52,15491,3780,16189,4190
754,116,86,692,368,0,0,6,10,15491,5506,16189,5884
845,116,142,692,450,0,0,6,0,15491,4255,16189,4705
315,116,152,692,278,0,0,6,30,15491,1385,16189,1693
305,116,129,692,48,0,0,6,6,15491,716,16189,770
29,116,186,692,344,0,0,6,10,15491,1261,16189,1615
123,116,95,692,866,0,0,6,122,15491,7158,16189,8146
152,116,108,692,54,0,0,6,44,15491,169,16189,267
179,116,109,692,860,0,0,6,0,15491,6383,16189,7243
84,116,182,692,28,0,0,6,50,15491,62,16189,140
201,116,74,692,20,0,0,6,50,15491,16,16189,86
103,116,36,692,96,0,0,6,0,15491,479,16189,575
21,116,137,692,6,0,0,6,2,15491,36,16189,44
69,116,138,692,672,0,0,6,10,15491,4236,16189,4918
1749,116,18,692,124,0,0,6,0,15491,1422,16189,1546
2462,116,195,692,216,0,0,6,148,15491,1174,16189,1538
34929,166,12,120,128,0,0,56,0,2368,2076,2544,2204
3164,166,18,120,124,0,0,56,0,2368,1422,2544,1546
65994,166,147,120,688,0,0,56,187,2368,12517,2544,13392
5271,166,195,120,216,0,0,56,148,2368,1174,2544,1538
3008,166,186,120,344,0,0,56,10,2368,1261,2544,1615
825,166,67,120,6,0,0,56,0,2368,21,2544,27
7668,166,71,120,56,0,0,56,0,2368,510,2544,566
0,166,102,120,82,0,0,56,176,2368,1187,2544,1445
439,166,66,120,38,0,0,56,0,2368,360,2544,398
3935,166,158,120,4,0,0,56,14,2368,19,2544,37
1148,166,73,120,106,0,0,56,4,2368,374,2544,484
43823,166,116,120,692,0,0,56,6,2368,15491,2544,16189
99531,166,85,120,1004,0,0,56,14,2368,35866,2544,36884
86095,166,191,120,284,0,0,56,76,2368,2396,2544,2756
27698,166,130,120,2766,0,0,56,40,2368,15853,2544,18659
13788,166,77,120,260,0,0,56,0,2368,3882,2544,4142
129796,166,189,120,30,0,0,56,43,2368,32,2544,105
24180,166,170,120,358,0,0,56,52,2368,3780,2544,4190
33927,166,86,120,368,0,0,56,10,2368,5506,2544,5884
42210,166,142,120,450,0,0,56,0,2368,4255,2544,4705
14383,166,152,120,278,0,0,56,30,2368,1385,2544,1693
11412,166,129,120,48,0,0,56,6,2368,716,2544,770
4970,166,119,120,46,0,0,56,33,2368,1423,2544,1502
4310,166,95,120,866,0,0,56,122,2368,7158,2544,8146
6717,166,108,120,54,0,0,56,44,2368,169,2544,267
9422,166,109,120,860,0,0,56,0,2368,6383,2544,7243
4843,166,182,120,28,0,0,56,50,2368,62,2544,140
8337,166,74,120,20,0,0,56,50,2368,16,2544,86
4830,166,36,120,96,0,0,56,0,2368,479,2544,575
1535,166,137,120,6,0,0,56,2,2368,36,2544,44
2145,166,138,120,672,0,0,56,10,2368,4236,2544,4918
345,166,0,120,0,0,0,56,28,2368,0,2544,28
1007,166,61,120,6,0,0,56,0,2368,30,2544,36
411,166,201,120,64,0,0,56,0,2368,548,2544,612
37,166,43,120,0,0,0,56,14,2368,0,2544,14
657,166,89,120,10,0,0,56,0,2368,910,2544,920
1567,166,110,120,40,0,0,56,134,2368,2127,2544,2301
36,166,135,120,8,0,0,56,0,2368,6,2544,14
275,166,133,120,0,0,0,56,4,2368,0,2544,4
493,166,30,120,12,0,0,56,0,2368,26,2544,38
432,166,153,120,202,0,0,56,53,2368,971,2544,1226
1364,166,76,120,80,0,0,56,0,2368,321,2544,401
30,85,43,1004,0,0,0,14,14,35866,0,36884,14
638,85,158,1004,4,0,0,14,14,35866,19,36884,37
13647,85,12,1004,128,0,0,14,0,35866,2076,36884,2204
7634,85,147,1004,688,0,0,14,187,35866,12517,36884,13392
3248,85,116,1004,692,0,0,14,6,35866,15491,36884,16189
100961,85,166,1004,120,0,0,14,56,35866,2368,36884,2544
12659,85,191,1004,284,0,0,14,76,35866,2396,36884,2756
2415,85,130,1004,2766,0,0,14,40,35866,15853,36884,18659
352,85,77,1004,260,0,0,14,0,35866,3882,36884,4142
511,85,71,1004,56,0,0,14,0,35866,510,36884,566
23212,85,189,1004,30,0,0,14,43,35866,32,36884,105
1101,85,170,1004,358,0,0,14,52,35866,3780,36884,4190
93,85,86,1004,368,0,0,14,10,35866,5506,36884,5884
3806,85,142,1004,450,0,0,14,0,35866,4255,36884,4705
731,85,152,1004,278,0,0,14,30,35866,1385,36884,1693
216,85,119,1004,46,0,0,14,33,35866,1423,36884,1502
321,85,186,1004,344,0,0,14,10,35866,1261,36884,1615
280,85,95,1004,866,0,0,14,122,35866,7158,36884,8146
37,85,108,1004,54,0,0,14,44,35866,169,36884,267
385,85,109,1004,860,0,0,14,0,35866,6383,36884,7243
2019,85,74,1004,20,0,0,14,50,35866,16,36884,86
269,85,36,1004,96,0,0,14,0,35866,479,36884,575
3137,85,137,1004,6,0,0,14,2,35866,36,36884,44
125,85,138,1004,672,0,0,14,10,35866,4236,36884,4918
1124,85,135,1004,8,0,0,14,0,35866,6,36884,14
392,85,76,1004,80,0,0,14,0,35866,321,36884,401
620,191,170,284,358,0,0,76,52,2396,3780,2756,4190
5364,191,12,284,128,0,0,76,0,2396,2076,2756,2204
3,191,147,284,688,0,0,76,187,2396,12517,2756,13392
3618,191,116,284,692,0,0,76,6,2396,15491,2756,16189
85992,191,166,284,120,0,0,76,56,2396,2368,2756,2544
13294,191,85,284,1004,0,0,76,14,2396,35866,2756,36884
874,191,130,284,2766,0,0,76,40,2396,15853,2756,18659
246,191,77,284,260,0,0,76,0,2396,3882,2756,4142
89,191,71,284,56,0,0,76,0,2396,510,2756,566
26888,191,189,284,30,0,0,76,43,2396,32,2756,105
5589,191,86,284,368,0,0,76,10,2396,5506,2756,5884
5,191,142,284,450,0,0,76,0,2396,4255,2756,4705
10,191,152,284,278,0,0,76,30,2396,1385,2756,1693
627,191,129,284,48,0,0,76,6,2396,716,2756,770
181,191,119,284,46,0,0,76,33,2396,1423,2756,1502
89,191,186,284,344,0,0,76,10,2396,1261,2756,1615
368,191,95,284,866,0,0,76,122,2396,7158,2756,8146
208,191,108,284,54,0,0,76,44,2396,169,2756,267
558,191,109,284,860,0,0,76,0,2396,6383,2756,7243
105,191,182,284,28,0,0,76,50,2396,62,2756,140
254,191,74,284,20,0,0,76,50,2396,16,2756,86
76,191,137,284,6,0,0,76,2,2396,36,2756,44
61,191,138,284,672,0,0,76,10,2396,4236,2756,4918
2,130,201,2766,64,0,0,40,0,15853,548,18659,612
1,130,199,2766,46,0,0,40,0,15853,230,18659,276
356,130,195,2766,216,0,0,40,148,15853,1174,18659,1538
339,130,12,2766,128,0,0,40,0,15853,2076,18659,2204
859,130,147,2766,688,0,0,40,187,15853,12517,18659,13392
3078,130,116,2766,692,0,0,40,6,15853,15491,18659,16189
28407,130,166,2766,120,0,0,40,56,15853,2368,18659,2544
2580,130,85,2766,1004,0,0,40,14,15853,35866,18659,36884
1025,130,191,2766,284,0,0,40,76,15853,2396,18659,2756
189,130,77,2766,260,0,0,40,0,15853,3882,18659,4142
43,130,71,2766,56,0,0,40,0,15853,510,18659,566
3238,130,189,2766,30,0,0,40,43,15853,32,18659,105
149,130,170,2766,358,0,0,40,52,15853,3780,18659,4190
598,130,86,2766,368,0,0,40,10,15853,5506,18659,5884
266,130,142,2766,450,0,0,40,0,15853,4255,18659,4705
6,130,152,2766,278,0,0,40,30,15853,1385,18659,1693
288,130,129,2766,48,0,0,40,6,15853,716,18659,770
23,130,186,2766,344,0,0,40,10,15853,1261,18659,1615
48,130,95,2766,866,0,0,40,122,15853,7158,18659,8146
103,130,108,2766,54,0,0,40,44,15853,169,18659,267
85,130,109,2766,860,0,0,40,0,15853,6383,18659,7243
25,130,182,2766,28,0,0,40,50,15853,62,18659,140
124,130,74,2766,20,0,0,40,50,15853,16,18659,86
35,130,36,2766,96,0,0,40,0,15853,479,18659,575
19,130,137,2766,6,0,0,40,2,15853,36,18659,44
10,130,138,2766,672,0,0,40,10,15853,4236,18659,4918
534,130,18,2766,124,0,0,40,0,15853,1422,18659,1546
97,130,88,2766,82,0,0,40,76,15853,4207,18659,4365
10307,195,158,216,4,0,0,148,14,1174,19,1538,37
435,195,159,216,2,0,0,148,12,1174,0,1538,14
8040,195,201,216,64,0,0,148,0,1174,548,1538,612
687,195,129,216,48,0,0,148,6,1174,716,1538,770
1110,195,43,216,0,0,0,148,14,1174,0,1538,14
1876,195,199,216,46,0,0,148,0,1174,230,1538,276
329,195,130,216,2766,0,0,148,40,1174,15853,1538,18659
1547,195,110,216,40,0,0,148,134,1174,2127,1538,2301
467,195,193,216,2,0,0,148,240,1174,10,1538,252
190,195,30,216,12,0,0,148,0,1174,26,1538,38
4225,195,170,216,358,0,0,148,52,1174,3780,1538,4190
959,195,108,216,54,0,0,148,44,1174,169,1538,267
4121,195,86,216,368,0,0,148,10,1174,5506,1538,5884
343,195,115,216,166,0,0,148,0,1174,218,1538,384
2480,195,116,216,692,0,0,148,6,1174,15491,1538,16189
1028,195,95,216,866,0,0,148,122,1174,7158,1538,8146
5439,195,166,216,120,0,0,148,56,1174,2368,1538,2544
313,195,160,216,0,0,0,148,0,1174,0,1538,0
3048,186,166,344,120,0,0,10,56,1261,2368,1615,2544
0,186,187,344,26,0,0,10,26,1261,24,1615,76
39,186,12,344,128,0,0,10,0,1261,2076,1615,2204
6,186,129,344,48,0,0,10,6,1261,716,1615,770
21,186,147,344,688,0,0,10,187,1261,12517,1615,13392
37,186,116,344,692,0,0,10,6,1261,15491,1615,16189
313,186,85,344,1004,0,0,10,14,1261,35866,1615,36884
101,186,191,344,284,0,0,10,76,1261,2396,1615,2756
18,186,130,344,2766,0,0,10,40,1261,15853,1615,18659
6,186,77,344,260,0,0,10,0,1261,3882,1615,4142
29,186,95,344,866,0,0,10,122,1261,7158,1615,8146
121,186,189,344,30,0,0,10,43,1261,32,1615,105
8,186,170,344,358,0,0,10,52,1261,3780,1615,4190
64,186,86,344,368,0,0,10,10,1261,5506,1615,5884
29,186,142,344,450,0,0,10,0,1261,4255,1615,4705
1,186,152,344,278,0,0,10,30,1261,1385,1615,1693
1,186,138,344,672,0,0,10,10,1261,4236,1615,4918
17,186,9,344,0,0,0,10,0,1261,0,1615,0
142,186,13,344,20,0,0,10,0,1261,86,1615,106
64,95,12,866,128,0,0,122,0,7158,2076,8146,2204
155,95,147,866,688,0,0,122,187,7158,12517,8146,13392
124,95,116,866,692,0,0,122,6,7158,15491,8146,16189
4475,95,166,866,120,0,0,122,56,7158,2368,8146,2544
318,95,85,866,1004,0,0,122,14,7158,35866,8146,36884
332,95,191,866,284,0,0,122,76,7158,2396,8146,2756
60,95,130,866,2766,0,0,122,40,7158,15853,8146,18659
25,95,119,866,46,0,0,122,33,7158,1423,8146,1502
6,95,77,866,260,0,0,122,0,7158,3882,8146,4142
23,95,186,866,344,0,0,122,10,7158,1261,8146,1615
48,95,71,866,56,0,0,122,0,7158,510,8146,566
387,95,189,866,30,0,0,122,43,7158,32,8146,105
46,95,170,866,358,0,0,122,52,7158,3780,8146,4190
12,95,108,866,54,0,0,122,44,7158,169,8146,267
10,95,109,866,860,0,0,122,0,7158,6383,8146,7243
17,95,182,866,28,0,0,122,50,7158,62,8146,140
36,95,74,866,20,0,0,122,50,7158,16,8146,86
12,95,36,866,96,0,0,122,0,7158,479,8146,575
114,95,142,866,450,0,0,122,0,7158,4255,8146,4705
19,95,152,866,278,0,0,122,30,7158,1385,8146,1693
12,95,138,866,672,0,0,122,10,7158,4236,8146,4918
997,95,195,866,216,0,0,122,148,7158,1174,8146,1538
7398,71,166,56,120,0,0,0,56,510,2368,566,2544
104,71,71,56,56,0,0,0,0,510,510,566,566
93,71,65,56,0,0,0,0,6,510,0,566,6
63,71,12,56,128,0,0,0,0,510,2076,566,2204
124,71,147,56,688,0,0,0,187,510,12517,566,13392
122,71,116,56,692,0,0,0,6,510,15491,566,16189
528,71,85,56,1004,0,0,0,14,510,35866,566,36884
125,71,191,56,284,0,0,0,76,510,2396,566,2756
50,71,130,56,2766,0,0,0,40,510,15853,566,18659
18,71,77,56,260,0,0,0,0,510,3882,566,4142
822,71,189,56,30,0,0,0,43,510,32,566,105
27,71,170,56,358,0,0,0,52,510,3780,566,4190
222,71,86,56,368,0,0,0,10,510,5506,566,5884
74,71,142,56,450,0,0,0,0,510,4255,566,4705
4,71,152,56,278,0,0,0,30,510,1385,566,1693
53,71,129,56,48,0,0,0,6,510,716,566,770
33,71,95,56,866,0,0,0,122,510,7158,566,8146
64,71,109,56,860,0,0,0,0,510,6383,566,7243
28,71,9,56,0,0,0,0,0,510,0,566,0
11,71,72,56,0,0,0,0,0,510,0,566,0
46,71,10,56,0,0,0,0,0,510,0,566,0
13614,189,12,30,128,0,0,43,0,32,2076,105,2204
15247,189,147,30,688,0,0,43,187,32,12517,105,13392
3707,189,116,30,692,0,0,43,6,32,15491,105,16189
130398,189,166,30,120,0,0,43,56,32,2368,105,2544
23028,189,85,30,1004,0,0,43,14,32,35866,105,36884
27017,189,191,30,284,0,0,43,76,32,2396,105,2756
3480,189,130,30,2766,0,0,43,40,32,15853,105,18659
573,189,77,30,260,0,0,43,0,32,3882,105,4142
832,189,71,30,56,0,0,43,0,32,510,105,566
6082,189,170,30,358,0,0,43,52,32,3780,105,4190
753,189,86,30,368,0,0,43,10,32,5506,105,5884
13143,189,142,30,450,0,0,43,0,32,4255,105,4705
1085,189,152,30,278,0,0,43,30,32,1385,105,1693
213,189,129,30,48,0,0,43,6,32,716,105,770
144,189,119,30,46,0,0,43,33,32,1423,105,1502
108,189,186,30,344,0,0,43,10,32,1261,105,1615
267,189,95,30,866,0,0,43,122,32,7158,105,8146
69,189,108,30,54,0,0,43,44,32,169,105,267
592,189,109,30,860,0,0,43,0,32,6383,105,7243
162,189,182,30,28,0,0,43,50,32,62,105,140
950,189,74,30,20,0,0,43,50,32,16,105,86
304,189,36,30,96,0,0,43,0,32,479,105,575
112,189,137,30,6,0,0,43,2,32,36,105,44
242,189,138,30,672,0,0,43,10,32,4236,105,4918
1353,170,147,358,688,0,0,52,187,3780,12517,4190,13392
612,170,191,358,284,0,0,52,76,3780,2396,4190,2756
4047,170,195,358,216,0,0,52,148,3780,1174,4190,1538
147,170,12,358,128,0,0,52,0,3780,2076,4190,2204
454,170,116,358,692,0,0,52,6,3780,15491,4190,16189
24452,170,166,358,120,0,0,52,56,3780,2368,4190,2544
1223,170,85,358,1004,0,0,52,14,3780,35866,4190,36884
220,170,130,358,2766,0,0,52,40,3780,15853,4190,18659
127,170,77,358,260,0,0,52,0,3780,3882,4190,4142
36,170,71,358,56,0,0,52,0,3780,510,4190,566
6314,170,189,358,30,0,0,52,43,3780,32,4190,105
451,170,86,358,368,0,0,52,10,3780,5506,4190,5884
18,170,142,358,450,0,0,52,0,3780,4255,4190,4705
50,170,152,358,278,0,0,52,30,3780,1385,4190,1693
144,170,129,358,48,0,0,52,6,3780,716,4190,770
33,170,119,358,46,0,0,52,33,3780,1423,4190,1502
7,170,186,358,344,0,0,52,10,3780,1261,4190,1615
72,170,95,358,866,0,0,52,122,3780,7158,4190,8146
44,170,108,358,54,0,0,52,44,3780,169,4190,267
100,170,109,358,860,0,0,52,0,3780,6383,4190,7243
32,170,182,358,28,0,0,52,50,3780,62,4190,140
49,170,74,358,20,0,0,52,50,3780,16,4190,86
13,170,36,358,96,0,0,52,0,3780,479,4190,575
21,170,137,358,6,0,0,52,2,3780,36,4190,44
16,170,138,358,672,0,0,52,10,3780,4236,4190,4918
446,109,12,860,128,0,0,0,0,6383,2076,7243,2204
65,109,129,860,48,0,0,0,6,6383,716,7243,770
233,109,147,860,688,0,0,0,187,6383,12517,7243,13392
209,109,116,860,692,0,0,0,6,6383,15491,7243,16189
9470,109,166,860,120,0,0,0,56,6383,2368,7243,2544
382,109,85,860,1004,0,0,0,14,6383,35866,7243,36884
626,109,191,860,284,0,0,0,76,6383,2396,7243,2756
75,109,130,860,2766,0,0,0,40,6383,15853,7243,18659
29,109,119,860,46,0,0,0,33,6383,1423,7243,1502
23,109,77,860,260,0,0,0,0,6383,3882,7243,4142
8,109,95,860,866,0,0,0,122,6383,7158,7243,8146
66,109,71,860,56,0,0,0,0,6383,510,7243,566
617,109,189,860,30,0,0,0,43,6383,32,7243,105
94,109,170,860,358,0,0,0,52,6383,3780,7243,4190
39,109,108,860,54,0,0,0,44,6383,169,7243,267
166,109,86,860,368,0,0,0,10,6383,5506,7243,5884
58,109,74,860,20,0,0,0,50,6383,16,7243,86
40,109,36,860,96,0,0,0,0,6383,479,7243,575
310,109,142,860,450,0,0,0,0,6383,4255,7243,4705
3,109,137,860,6,0,0,0,2,6383,36,7243,44
70,109,152,860,278,0,0,0,30,6383,1385,7243,1693
27,109,138,860,672,0,0,0,10,6383,4236,7243,4918
2,86,159,368,2,0,0,10,12,5506,0,5884,14
3937,86,195,368,216,0,0,10,148,5506,1174,5884,1538
142,86,158,368,4,0,0,10,14,5506,19,5884,37
2979,86,12,368,128,0,0,10,0,5506,2076,5884,2204
1278,86,147,368,688,0,0,10,187,5506,12517,5884,13392
807,86,116,368,692,0,0,10,6,5506,15491,5884,16189
35688,86,166,368,120,0,0,10,56,5506,2368,5884,2544
106,86,85,368,1004,0,0,10,14,5506,35866,5884,36884
5679,86,191,368,284,0,0,10,76,5506,2396,5884,2756
535,86,130,368,2766,0,0,10,40,5506,15853,5884,18659
93,86,77,368,260,0,0,10,0,5506,3882,5884,4142
238,86,71,368,56,0,0,10,0,5506,510,5884,566
951,86,189,368,30,0,0,10,43,5506,32,5884,105
433,86,170,368,358,0,0,10,52,5506,3780,5884,4190
1635,86,142,368,450,0,0,10,0,5506,4255,5884,4705
191,86,152,368,278,0,0,10,30,5506,1385,5884,1693
47,86,119,368,46,0,0,10,33,5506,1423,5884,1502
51,86,186,368,344,0,0,10,10,5506,1261,5884,1615
172,86,109,368,860,0,0,10,0,5506,6383,5884,7243
22,86,182,368,28,0,0,10,50,5506,62,5884,140
112,86,74,368,20,0,0,10,50,5506,16,5884,86
115,86,36,368,96,0,0,10,0,5506,479,5884,575
2,86,137,368,6,0,0,10,2,5506,36,5884,44
73,86,138,368,672,0,0,10,10,5506,4236,5884,4918
9,182,12,28,128,0,0,50,0,62,2076,140,2204
14,182,129,28,48,0,0,50,6,62,716,140,770
77,182,147,28,688,0,0,50,187,62,12517,140,13392
95,182,116,28,692,0,0,50,6,62,15491,140,16189
5001,182,166,28,120,0,0,50,56,62,2368,140,2544
101,182,191,28,284,0,0,50,76,62,2396,140,2756
34,182,130,28,2766,0,0,50,40,62,15853,140,18659
2,182,119,28,46,0,0,50,33,62,1423,140,1502
2,182,77,28,260,0,0,50,0,62,3882,140,4142
14,182,95,28,866,0,0,50,122,62,7158,140,8146
9,182,71,28,56,0,0,50,0,62,510,140,566
204,182,189,28,30,0,0,50,43,62,32,140,105
25,182,170,28,358,0,0,50,52,62,3780,140,4190
13,182,108,28,54,0,0,50,44,62,169,140,267
27,182,86,28,368,0,0,50,10,62,5506,140,5884
5,182,36,28,96,0,0,50,0,62,479,140,575
59,182,142,28,450,0,0,50,0,62,4255,140,4705
12,182,152,28,278,0,0,50,30,62,1385,140,1693
1,182,138,28,672,0,0,50,10,62,4236,140,4918
43,74,12,20,128,0,0,50,0,16,2076,86,2204
35,74,129,20,48,0,0,50,6,16,716,86,770
109,74,147,20,688,0,0,50,187,16,12517,86,13392
208,74,116,20,692,0,0,50,6,16,15491,86,16189
8318,74,166,20,120,0,0,50,56,16,2368,86,2544
2040,74,85,20,1004,0,0,50,14,16,35866,86,36884
351,74,191,20,284,0,0,50,76,16,2396,86,2756
93,74,130,20,2766,0,0,50,40,16,15853,86,18659
47,74,119,20,46,0,0,50,33,16,1423,86,1502
3,74,77,20,260,0,0,50,0,16,3882,86,4142
23,74,95,20,866,0,0,50,122,16,7158,86,8146
19,74,71,20,56,0,0,50,0,16,510,86,566
954,74,189,20,30,0,0,50,43,16,32,86,105
58,74,170,20,358,0,0,50,52,16,3780,86,4190
29,74,108,20,54,0,0,50,44,16,169,86,267
63,74,109,20,860,0,0,50,0,16,6383,86,7243
156,74,86,20,368,0,0,50,10,16,5506,86,5884
14,74,36,20,96,0,0,50,0,16,479,86,575
89,74,142,20,450,0,0,50,0,16,4255,86,4705
5,74,137,20,6,0,0,50,2,16,36,86,44
44,74,152,20,278,0,0,50,30,16,1385,86,1693
4,74,138,20,672,0,0,50,10,16,4236,86,4918
1422,76,166,80,120,0,0,0,56,321,2368,401,2544
446,76,85,80,1004,0,0,0,14,321,35866,401,36884
297,76,13,80,20,0,0,0,0,321,86,401,106
200,142,12,450,128,0,0,0,0,4255,2076,4705,2204
2,142,147,450,688,0,0,0,187,4255,12517,4705,13392
859,142,116,450,692,0,0,0,6,4255,15491,4705,16189
42453,142,166,450,120,0,0,0,56,4255,2368,4705,2544
4003,142,85,450,1004,0,0,0,14,4255,35866,4705,36884
2,142,191,450,284,0,0,0,76,4255,2396,4705,2756
367,142,130,450,2766,0,0,0,40,4255,15853,4705,18659
121,142,77,450,260,0,0,0,0,4255,3882,4705,4142
60,142,71,450,56,0,0,0,0,4255,510,4705,566
13249,142,189,450,30,0,0,0,43,4255,32,4705,105
15,142,170,450,358,0,0,0,52,4255,3780,4705,4190
1636,142,86,450,368,0,0,0,10,4255,5506,4705,5884
373,142,129,450,48,0,0,0,6,4255,716,4705,770
40,142,119,450,46,0,0,0,33,4255,1423,4705,1502
29,142,186,450,344,0,0,0,10,4255,1261,4705,1615
106,142,95,450,866,0,0,0,122,4255,7158,4705,8146
76,142,108,450,54,0,0,0,44,4255,169,4705,267
287,142,109,450,860,0,0,0,0,4255,6383,4705,7243
66,142,182,450,28,0,0,0,50,4255,62,4705,140
88,142,74,450,20,0,0,0,50,4255,16,4705,86
13,142,137,450,6,0,0,0,2,4255,36,4705,44
21,142,138,450,672,0,0,0,10,4255,4236,4705,4918
12,137,129,6,48,0,0,2,6,36,716,44,770
42,137,147,6,688,0,0,2,187,36,12517,44,13392
15,137,116,6,692,0,0,2,6,36,15491,44,16189
1680,137,166,6,120,0,0,2,56,36,2368,44,2544
2906,137,85,6,1004,0,0,2,14,36,35866,44,36884
74,137,191,6,284,0,0,2,76,36,2396,44,2756
12,137,130,6,2766,0,0,2,40,36,15853,44,18659
8,137,119,6,46,0,0,2,33,36,1423,44,1502
3,137,77,6,260,0,0,2,0,36,3882,44,4142
4,137,95,6,866,0,0,2,122,36,7158,44,8146
114,137,189,6,30,0,0,2,43,36,32,44,105
18,137,170,6,358,0,0,2,52,36,3780,44,4190
4,137,109,6,860,0,0,2,0,36,6383,44,7243
1,137,86,6,368,0,0,2,10,36,5506,44,5884
3,137,36,6,96,0,0,2,0,36,479,44,575
19,137,142,6,450,0,0,2,0,36,4255,44,4705
5,137,152,6,278,0,0,2,30,36,1385,44,1693
2,137,138,6,672,0,0,2,10,36,4236,44,4918
393,115,195,166,216,0,0,0,148,218,1174,384,1538
79,152,12,278,128,0,0,30,0,1385,2076,1693,2204
982,152,147,278,688,0,0,30,187,1385,12517,1693,13392
318,152,116,278,692,0,0,30,6,1385,15491,1693,16189
14060,152,166,278,120,0,0,30,56,1385,2368,1693,2544
695,152,85,278,1004,0,0,30,14,1385,35866,1693,36884
8,152,191,278,284,0,0,30,76,1385,2396,1693,2756
4,152,130,278,2766,0,0,30,40,1385,15853,1693,18659
73,152,77,278,260,0,0,30,0,1385,3882,1693,4142
2,152,71,278,56,0,0,30,0,1385,510,1693,566
1049,152,189,278,30,0,0,30,43,1385,32,1693,105
66,152,170,278,358,0,0,30,52,1385,3780,1693,4190
175,152,86,278,368,0,0,30,10,1385,5506,1693,5884
117,152,129,278,48,0,0,30,6,1385,716,1693,770
6,152,119,278,46,0,0,30,33,1385,1423,1693,1502
18,152,95,278,866,0,0,30,122,1385,7158,1693,8146
35,152,108,278,54,0,0,30,44,1385,169,1693,267
57,152,109,278,860,0,0,30,0,1385,6383,1693,7243
16,152,182,278,28,0,0,30,50,1385,62,1693,140
35,152,74,278,20,0,0,30,50,1385,16,1693,86
3,152,137,278,6,0,0,30,2,1385,36,1693,44
6,152,138,278,672,0,0,30,10,1385,4236,1693,4918
1802,138,166,672,120,0,0,10,56,4236,2368,4918,2544
506,138,0,672,0,0,0,10,28,4236,0,4918,28
0,138,64,672,0,0,0,10,60,4236,0,4918,60
0,138,1,672,0,0,0,10,0,4236,0,4918,0
389,138,67,672,6,0,0,10,0,4236,21,4918,27
1,138,30,672,12,0,0,10,0,4236,26,4918,38
0,138,29,672,2,0,0,10,0,4236,17,4918,19
29,138,66,672,38,0,0,10,0,4236,360,4918,398
0,138,65,672,0,0,0,10,6,4236,0,4918,6
17,138,13,672,20,0,0,10,0,4236,86,4918,106
0,138,187,672,26,0,0,10,26,4236,24,4918,76
3,138,12,672,128,0,0,10,0,4236,2076,4918,2204
22,138,129,672,48,0,0,10,6,4236,716,4918,770
57,138,147,672,688,0,0,10,187,4236,12517,4918,13392
106,138,116,672,692,0,0,10,6,4236,15491,4918,16189
157,138,85,672,1004,0,0,10,14,4236,35866,4918,36884
83,138,191,672,284,0,0,10,76,4236,2396,4918,2756
13,138,130,672,2766,0,0,10,40,4236,15853,4918,18659
12,138,119,672,46,0,0,10,33,4236,1423,4918,1502
12,138,186,672,344,0,0,10,10,4236,1261,4918,1615
3,138,95,672,866,0,0,10,122,4236,7158,4918,8146
43,138,71,672,56,0,0,10,0,4236,510,4918,566
355,138,189,672,30,0,0,10,43,4236,32,4918,105
34,138,170,672,358,0,0,10,52,4236,3780,4918,4190
17,138,108,672,54,0,0,10,44,4236,169,4918,267
43,138,109,672,860,0,0,10,0,4236,6383,4918,7243
107,138,86,672,368,0,0,10,10,4236,5506,4918,5884
2,138,182,672,28,0,0,10,50,4236,62,4918,140
11,138,74,672,20,0,0,10,50,4236,16,4918,86
1,138,36,672,96,0,0,10,0,4236,479,4918,575
33,138,142,672,450,0,0,10,0,4236,4255,4918,4705
10,138,152,672,278,0,0,10,30,4236,1385,4918,1693
232,138,61,672,6,0,0,10,0,4236,30,4918,36
3,159,129,2,48,0,0,12,6,0,716,14,770
437,159,195,2,216,0,0,12,148,0,1174,14,1538
1,201,129,64,48,0,0,0,6,548,716,612,770
8053,201,195,64,216,0,0,0,148,548,1174,612,1538
18,201,108,64,54,0,0,0,44,548,169,612,267
282,201,158,64,4,0,0,0,14,548,19,612,37
446,201,166,64,120,0,0,0,56,548,2368,612,2544
2,129,159,48,2,0,0,6,12,716,0,770,14
2,129,199,48,46,0,0,6,0,716,230,770,276
717,129,195,48,216,0,0,6,148,716,1174,770,1538
1,129,158,48,4,0,0,6,14,716,19,770,37
159,129,12,48,128,0,0,6,0,716,2076,770,2204
371,129,147,48,688,0,0,6,187,716,12517,770,13392
331,129,116,48,692,0,0,6,6,716,15491,770,16189
11739,129,166,48,120,0,0,6,56,716,2368,770,2544
622,129,191,48,284,0,0,6,76,716,2396,770,2756
310,129,130,48,2766,0,0,6,40,716,15853,770,18659
15,129,119,48,46,0,0,6,33,716,1423,770,1502
12,129,77,48,260,0,0,6,0,716,3882,770,4142
6,129,186,48,344,0,0,6,10,716,1261,770,1615
22,129,71,48,56,0,0,6,0,716,510,770,566
247,129,189,48,30,0,0,6,43,716,32,770,105
139,129,170,48,358,0,0,6,52,716,3780,770,4190
38,129,109,48,860,0,0,6,0,716,6383,770,7243
10,129,182,48,28,0,0,6,50,716,62,770,140
44,129,74,48,20,0,0,6,50,716,16,770,86
18,129,36,48,96,0,0,6,0,716,479,770,575
381,129,142,48,450,0,0,6,0,716,4255,770,4705
11,129,137,48,6,0,0,6,2,716,36,770,44
88,129,152,48,278,0,0,6,30,716,1385,770,1693
7,129,138,48,672,0,0,6,10,716,4236,770,4918
56,43,85,0,1004,0,0,14,14,0,35866,14,36884
1009,43,195,0,216,0,0,14,148,0,1174,14,1538
4,43,86,0,368,0,0,14,10,0,5506,14,5884
378,43,158,0,4,0,0,14,14,0,19,14,37
41,43,166,0,120,0,0,14,56,0,2368,14,2544
21,199,158,46,4,0,0,0,14,230,19,276,37
1863,199,195,46,216,0,0,0,148,230,1174,276,1538
1,199,86,46,368,0,0,0,10,230,5506,276,5884
1647,110,195,40,216,0,0,134,148,2127,1174,2301,1538
1,110,108,40,54,0,0,134,44,2127,169,2301,267
1505,110,166,40,120,0,0,134,56,2127,2368,2301,2544
544,193,195,2,216,0,0,240,148,10,1174,252,1538
18,108,201,54,64,0,0,44,0,169,548,267,612
1,108,110,54,40,0,0,44,134,169,2127,267,2301
0,108,193,54,2,0,0,44,240,169,10,267,252
937,108,195,54,216,0,0,44,148,169,1174,267,1538
10,108,158,54,4,0,0,44,14,169,19,267,37
49,108,12,54,128,0,0,44,0,169,2076,267,2204
226,108,147,54,688,0,0,44,187,169,12517,267,13392
144,108,116,54,692,0,0,44,6,169,15491,267,16189
7257,108,166,54,120,0,0,44,56,169,2368,267,2544
47,108,85,54,1004,0,0,44,14,169,35866,267,36884
253,108,191,54,284,0,0,44,76,169,2396,267,2756
108,108,130,54,2766,0,0,44,40,169,15853,267,18659
7,108,119,54,46,0,0,44,33,169,1423,267,1502
37,108,77,54,260,0,0,44,0,169,3882,267,4142
11,108,186,54,344,0,0,44,10,169,1261,267,1615
15,108,95,54,866,0,0,44,122,169,7158,267,8146
15,108,71,54,56,0,0,44,0,169,510,267,566
88,108,189,54,30,0,0,44,43,169,32,267,105
51,108,170,54,358,0,0,44,52,169,3780,267,4190
37,108,109,54,860,0,0,44,0,169,6383,267,7243
26,108,182,54,28,0,0,44,50,169,62,267,140
35,108,74,54,20,0,0,44,50,169,16,267,86
26,108,36,54,96,0,0,44,0,169,479,267,575
80,108,142,54,450,0,0,44,0,169,4255,267,4705
32,108,152,54,278,0,0,44,30,169,1385,267,1693
17,108,138,54,672,0,0,44,10,169,4236,267,4918
341,160,195,0,216,0,0,0,148,0,1174,0,1538
145,160,158,0,4,0,0,0,14,0,19,0,37
4841,36,166,96,120,0,0,0,56,479,2368,575,2544
26,36,12,96,128,0,0,0,0,479,2076,575,2204
11,36,129,96,48,0,0,0,6,479,716,575,770
101,36,116,96,692,0,0,0,6,479,15491,575,16189
249,36,85,96,1004,0,0,0,14,479,35866,575,36884
39,36,130,96,2766,0,0,0,40,479,15853,575,18659
23,36,119,96,46,0,0,0,33,479,1423,575,1502
4,36,77,96,260,0,0,0,0,479,3882,575,4142
12,36,95,96,866,0,0,0,122,479,7158,575,8146
315,36,189,96,30,0,0,0,43,479,32,575,105
14,36,170,96,358,0,0,0,52,479,3780,575,4190
14,36,108,96,54,0,0,0,44,479,169,575,267
31,36,109,96,860,0,0,0,0,479,6383,575,7243
107,36,86,96,368,0,0,0,10,479,5506,575,5884
7,36,182,96,28,0,0,0,50,479,62,575,140
14,36,74,96,20,0,0,0,50,479,16,575,86
2,36,138,96,672,0,0,0,10,479,4236,575,4918
36,36,147,96,688,0,0,0,187,479,12517,575,13392
3723,158,166,4,120,0,0,14,56,19,2368,37,2544
0,158,102,4,82,0,0,14,176,19,1187,37,1445
294,158,201,4,64,0,0,14,0,19,548,37,612
443,158,43,4,0,0,0,14,14,19,0,37,14
15,158,199,4,46,0,0,14,0,19,230,37,276
586,158,85,4,1004,0,0,14,14,19,35866,37,36884
10078,158,195,4,216,0,0,14,148,19,1174,37,1538
4,158,108,4,54,0,0,14,44,19,169,37,267
158,158,86,4,368,0,0,14,10,19,5506,37,5884
163,158,160,4,0,0,0,14,0,19,0,37,0
32,77,12,260,128,0,0,0,0,3882,2076,4142,2204
212,77,147,260,688,0,0,0,187,3882,12517,4142,13392
912,77,116,260,692,0,0,0,6,3882,15491,4142,16189
14288,77,166,260,120,0,0,0,56,3882,2368,4142,2544
363,77,85,260,1004,0,0,0,14,3882,35866,4142,36884
249,77,191,260,284,0,0,0,76,3882,2396,4142,2756
162,77,130,260,2766,0,0,0,40,3882,15853,4142,18659
18,77,71,260,56,0,0,0,0,3882,510,4142,566
638,77,189,260,30,0,0,0,43,3882,32,4142,105
116,77,170,260,358,0,0,0,52,3882,3780,4142,4190
132,77,86,260,368,0,0,0,10,3882,5506,4142,5884
127,77,142,260,450,0,0,0,0,3882,4255,4142,4705
83,77,152,260,278,0,0,0,30,3882,1385,4142,1693
51,77,129,260,48,0,0,0,6,3882,716,4142,770
19,77,119,260,46,0,0,0,33,3882,1423,4142,1502
9,77,186,260,344,0,0,0,10,3882,1261,4142,1615
16,77,95,260,866,0,0,0,122,3882,7158,4142,8146
28,77,108,260,54,0,0,0,44,3882,169,4142,267
17,77,109,260,860,0,0,0,0,3882,6383,4142,7243
4,77,182,260,28,0,0,0,50,3882,62,4142,140
11,77,74,260,20,0,0,0,50,3882,16,4142,86
9,77,36,260,96,0,0,0,0,3882,479,4142,575
2,77,137,260,6,0,0,0,2,3882,36,4142,44
0,77,67,260,6,0,0,0,0,3882,21,4142,27
0,77,0,260,0,0,0,0,28,3882,0,4142,28
22,119,12,46,128,0,0,33,0,1423,2076,1502,2204
15,119,129,46,48,0,0,33,6,1423,716,1502,770
144,119,147,46,688,0,0,33,187,1423,12517,1502,13392
4835,119,166,46,120,0,0,33,56,1423,2368,1502,2544
212,119,85,46,1004,0,0,33,14,1423,35866,1502,36884
184,119,191,46,284,0,0,33,76,1423,2396,1502,2756
28,119,77,46,260,0,0,33,0,1423,3882,1502,4142
2,119,186,46,344,0,0,33,10,1423,1261,1502,1615
28,119,95,46,866,0,0,33,122,1423,7158,1502,8146
4,119,71,46,56,0,0,33,0,1423,510,1502,566
182,119,189,46,30,0,0,33,43,1423,32,1502,105
31,119,170,46,358,0,0,33,52,1423,3780,1502,4190
3,119,108,46,54,0,0,33,44,1423,169,1502,267
49,119,109,46,860,0,0,33,0,1423,6383,1502,7243
51,119,86,46,368,0,0,33,10,1423,5506,1502,5884
3,119,182,46,28,0,0,33,50,1423,62,1502,140
52,119,74,46,20,0,0,33,50,1423,16,1502,86
21,119,36,46,96,0,0,33,0,1423,479,1502,575
22,119,142,46,450,0,0,33,0,1423,4255,1502,4705
5,119,137,46,6,0,0,33,2,1423,36,1502,44
12,119,152,46,278,0,0,33,30,1423,1385,1502,1693
20,119,138,46,672,0,0,33,10,1423,4236,1502,4918
2905,18,166,124,120,0,0,0,56,1422,2368,1546,2544
0,18,64,124,0,0,0,0,60,1422,0,1546,60
1654,18,116,124,692,0,0,0,6,1422,15491,1546,16189
529,18,130,124,2766,0,0,0,40,1422,15853,1546,18659
131,18,22,124,72,0,0,0,0,1422,300,1546,372
875,67,166,6,120,0,0,0,56,21,2368,27,2544
0,67,64,6,0,0,0,0,60,21,0,27,60
0,67,0,6,0,0,0,0,28,21,0,27,28
200,67,138,6,672,0,0,0,10,21,4236,27,4918
859,61,166,6,120,0,0,0,56,30,2368,36,2544
347,61,138,6,672,0,0,0,10,30,4236,36,4918
18,9,72,0,0,0,0,0,0,0,0,0,0
40,9,66,0,38,0,0,0,0,0,360,0,398
26,9,186,0,344,0,0,0,10,0,1261,0,1615
23,9,71,0,56,0,0,0,0,0,510,0,566
457,89,166,10,120,0,0,0,56,910,2368,920,2544
40,135,166,8,120,0,0,0,56,6,2368,14,2544
1153,135,85,8,1004,0,0,0,14,6,35866,14,36884
269,133,166,0,120,0,0,4,56,0,2368,4,2544
20,72,9,0,0,0,0,0,0,0,0,0,0
0,72,66,0,38,0,0,0,0,0,360,0,398
8,72,71,0,56,0,0,0,0,0,510,0,566
1760,37,147,0,688,0,0,115,187,0,12517,115,13392
432,37,41,0,8,0,0,115,0,0,42,115,50
1,30,138,12,672,0,0,0,10,26,4236,38,4918
183,30,195,12,216,0,0,0,148,26,1174,38,1538
466,30,166,12,120,0,0,0,56,26,2368,38,2544
0,65,66,0,38,0,0,6,0,0,360,6,398
44,65,65,0,0,0,0,6,6,0,0,6,6
75,65,71,0,56,0,0,6,0,0,510,6,566
2,65,0,0,0,0,0,6,28,0,0,6,28
0,65,138,0,672,0,0,6,10,0,4236,6,4918
65,13,138,20,672,0,0,0,10,86,4236,106,4918
150,13,186,20,344,0,0,0,10,86,1261,106,1615
237,13,76,20,80,0,0,0,0,86,321,106,401
11,0,66,0,38,0,0,28,0,0,360,28,398
50,0,0,0,0,0,0,28,28,0,0,28,28
0,0,1,0,0,0,0,28,0,0,0,28,0
0,0,65,0,0,0,0,28,6,0,0,28,6
408,0,138,0,672,0,0,28,10,0,4236,28,4918
2,0,2,0,0,0,0,28,0,0,0,28,0
5,0,7,0,0,0,0,28,0,0,0,28,0
381,0,166,0,120,0,0,28,56,0,2368,28,2544
209,41,147,8,688,0,0,0,187,42,12517,50,13392
577,41,37,8,0,0,0,0,115,42,0,50,115
900,11,12,4,128,0,0,0,0,38,2076,42,2204
486,66,166,38,120,0,0,0,56,360,2368,398,2544
216,66,6,38,0,0,0,0,2,360,0,398,2
0,66,102,38,82,0,0,0,176,360,1187,398,1445
0,66,0,38,0,0,0,0,28,360,0,398,28
58,66,65,38,0,0,0,0,6,360,0,398,6
1,66,138,38,672,0,0,0,10,360,4236,398,4918
30,66,9,38,0,0,0,0,0,360,0,398,0
0,66,64,38,0,0,0,0,60,360,0,398,60
62,66,1,38,0,0,0,0,0,360,0,398,0
0,66,67,38,6,0,0,0,0,360,21,398,27
12,66,72,38,0,0,0,0,0,360,0,398,0
6,66,7,38,0,0,0,0,0,360,0,398,0
162,22,166,72,120,0,0,0,56,300,2368,372,2544
37,10,71,0,56,0,0,0,0,0,510,0,566
1170,73,166,106,120,0,0,4,56,374,2368,484,2544
0,102,166,82,120,0,0,176,56,1187,2368,1445,2544
0,102,199,82,46,0,0,176,0,1187,230,1445,276
0,102,66,82,38,0,0,176,0,1187,360,1445,398
128,88,130,82,2766,0,0,76,40,4207,15853,4365,18659
0,64,18,0,124,0,0,60,0,0,1422,60,1546
0,64,64,0,0,0,0,60,60,0,0,60,60
0,64,67,0,6,0,0,60,0,0,21,60,27
0,64,138,0,672,0,0,60,10,0,4236,60,4918
0,64,0,0,0,0,0,60,28,0,0,60,28
0,1,0,0,0,0,0,0,28,0,0,0,28
23,1,66,0,38,0,0,0,0,0,360,0,398
0,1,138,0,672,0,0,0,10,0,4236,0,4918
0,29,138,2,672,0,0,0,10,17,4236,19,4918
181,6,66,0,38,0,0,2,0,0,360,2,398
7,2,0,0,0,0,0,0,28,0,0,0,28
0,2,66,0,38,0,0,0,0,0,360,0,398
2,7,0,0,0,0,0,0,28,0,0,0,28
2,7,66,0,38,0,0,0,0,0,360,0,398
0,187,186,26,344,0,0,26,10,24,1261,76,1615
0,187,66,26,38,0,0,26,0,24,360,76,398
0,187,138,26,672,0,0,26,10,24,4236,76,4918
512,153,166,202,120,0,0,53,56,971,2368,1226,2544
