flow,origin,destination,out_ratio,CL_origin,CL_destination,CC_origin,CC_destination,S_origin,S_destination,SC_origin,SC_destination,sum_origin,sum_destination
19559,166,233,0.06892383808412944,128,,0,,313,,4271,14008,4712,18745
19854,233,166,0.8650980392156863,,128,,0,,313,,4271,,4712
63534,211,166,0.5647265874991111,,128,,0,,313,,4271,,4712
1726,208,189,0.14335548172757476,,34,,0,,72,,26,,132
19310,211,189,0.17163834174784898,,34,,0,,72,,26,,132
266,147,221,0.02668539325842697,562,,0,,979,,23443,26,24984,132
569,147,212,0.05708266452648475,562,,0,,979,,23443,26,24984,132
4343,147,211,0.43569422150882825,562,,0,,979,,23443,26,24984,132
2,147,241,0.00020064205457463884,562,,0,,979,,23443,26,24984,132
86,147,247,0.00862760834670947,562,,0,,979,,23443,26,24984,132
81,147,236,0.008126003210272873,562,,0,,979,,23443,26,24984,132
34,147,249,0.003410914927768861,562,,0,,979,,23443,26,24984,132
6,147,253,0.0006019261637239165,562,,0,,979,,23443,26,24984,132
15594,212,166,0.6032961931290622,,128,,0,,313,,4271,,4712
4227,212,85,0.16353296193129066,,382,,0,,148,,32528,,33058
3355,212,189,0.12979727638502012,,34,,0,,72,,26,,132
268,215,166,0.8297213622291022,,128,,0,,313,,4271,,4712
16,215,189,0.04953560371517028,,34,,0,,72,,26,,132
69465,166,211,0.24478728015307796,128,,0,,313,,4271,26,4712,132
1703,166,207,0.006001191076091438,128,,0,,313,,4271,26,4712,132
18347,166,212,0.06465287884500857,128,,0,,313,,4271,26,4712,132
280,166,215,0.0009866902532622444,128,,0,,313,,4271,26,4712,132
3993,166,206,0.01407090779027194,128,,0,,313,,4271,26,4712,132
57,166,219,0.0002008619444140998,128,,0,,313,,4271,26,4712,132
3816,166,220,0.013447178594459734,128,,0,,313,,4271,26,4712,132
24983,166,221,0.08803743784732378,128,,0,,313,,4271,26,4712,132
197,166,259,0.0006942070710452222,128,,0,,313,,4271,26,4712,132
4950,166,224,0.017443274120171826,128,,0,,313,,4271,26,4712,132
11008,166,217,0.03879102252825282,128,,0,,313,,4271,26,4712,132
23510,166,228,0.08284674233641204,128,,0,,313,,4271,26,4712,132
510,166,229,0.0017971858184419453,128,,0,,313,,4271,26,4712,132
179,166,230,0.0006307769833355063,128,,0,,313,,4271,26,4712,132
58,166,232,0.00020438583817575064,128,,0,,313,,4271,26,4712,132
270,166,234,0.000951451315645736,128,,0,,313,,4271,26,4712,132
1580,166,223,0.005567752143408379,128,,0,,313,,4271,26,4712,132
7,166,241,2.4667256331556115e-05,128,,0,,313,,4271,26,4712,132
376,166,242,0.0013249840543807286,128,,0,,313,,4271,26,4712,132
778,166,246,0.00274158934656438,128,,0,,313,,4271,26,4712,132
9,166,244,3.1715043854857866e-05,128,,0,,313,,4271,26,4712,132
14208,166,247,0.05006748256553562,128,,0,,313,,4271,26,4712,132
4206,166,236,0.014821497161503576,128,,0,,313,,4271,26,4712,132
5335,166,248,0.018799973218407408,128,,0,,313,,4271,26,4712,132
966,166,249,0.003404081373754744,128,,0,,313,,4271,26,4712,132
1696,166,235,0.0059765238197598824,128,,0,,313,,4271,26,4712,132
3539,166,253,0.012471060022482442,128,,0,,313,,4271,26,4712,132
502,166,254,0.0017689946683487386,128,,0,,313,,4271,26,4712,132
12260,217,166,0.5986035838093843,,128,,0,,313,,4271,,4712
49,219,166,0.8909090909090909,,128,,0,,313,,4271,,4712
3445,220,166,0.9503448275862068,,128,,0,,313,,4271,,4712
101,220,85,0.027862068965517243,,382,,0,,148,,32528,,33058
79,220,189,0.021793103448275862,,34,,0,,72,,26,,132
9293,85,211,0.2644715123228414,382,,0,,148,,32528,26,33058,132
0,85,259,0.0,382,,0,,148,,32528,26,33058,132
6773,85,212,0.19275428311230008,382,,0,,148,,32528,26,33058,132
124,85,220,0.0035289430246456827,382,,0,,148,,32528,26,33058,132
1939,85,221,0.05518242358699983,382,,0,,148,,32528,26,33058,132
187,85,224,0.0053218737549092145,382,,0,,148,,32528,26,33058,132
4,85,225,0.00011383687176276396,382,,0,,148,,32528,26,33058,132
200,85,227,0.005691843588138197,382,,0,,148,,32528,26,33058,132
4,85,229,0.00011383687176276396,382,,0,,148,,32528,26,33058,132
1,85,232,2.845921794069099e-05,382,,0,,148,,32528,26,33058,132
0,85,278,0.0,382,,0,,148,,32528,26,33058,132
523,85,206,0.014884170982981388,382,,0,,148,,32528,26,33058,132
368,85,223,0.010472992202174285,382,,0,,148,,32528,26,33058,132
1,85,241,2.845921794069099e-05,382,,0,,148,,32528,26,33058,132
15,85,246,0.0004268882691103649,382,,0,,148,,32528,26,33058,132
1,85,244,2.845921794069099e-05,382,,0,,148,,32528,26,33058,132
0,85,284,0.0,382,,0,,148,,32528,26,33058,132
49,85,248,0.0013945016790938587,382,,0,,148,,32528,26,33058,132
111,85,249,0.0031589731914167,382,,0,,148,,32528,26,33058,132
4,85,251,0.00011383687176276396,382,,0,,148,,32528,26,33058,132
116,85,253,0.0033012692811201553,382,,0,,148,,32528,26,33058,132
251,221,147,0.008134560539279233,,562,,0,,979,,23443,,24984
24137,221,166,0.7822465646875809,,128,,0,,313,,4271,,4712
3255,221,189,0.10549001814882032,,34,,0,,72,,26,,132
178,259,166,0.9834254143646408,,128,,0,,313,,4271,,4712
3636,224,166,0.9634340222575516,,128,,0,,313,,4271,,4712
98,224,85,0.02596714361420244,,382,,0,,148,,32528,,33058
40,224,189,0.010598834128245893,,34,,0,,72,,26,,132
6,225,166,0.6666666666666666,,128,,0,,313,,4271,,4712
2,225,85,0.2222222222222222,,382,,0,,148,,32528,,33058
1,225,189,0.1111111111111111,,34,,0,,72,,26,,132
135,217,147,0.006591475025633514,,562,,0,,979,,23443,,24984
318,229,166,0.9968652037617556,,128,,0,,313,,4271,,4712
102,230,166,0.9902912621359224,,128,,0,,313,,4271,,4712
14,232,166,0.6086956521739131,,128,,0,,313,,4271,,4712
2,232,85,0.08695652173913042,,382,,0,,148,,32528,,33058
2,232,189,0.08695652173913042,,34,,0,,72,,26,,132
3310,206,166,0.7515894641235241,,128,,0,,313,,4271,,4712
270,206,85,0.06130790190735695,,382,,0,,148,,32528,,33058
340,206,189,0.07720254314259764,,34,,0,,72,,26,,132
1571,233,189,0.06845315904139432,,34,,0,,72,,26,,132
285,234,166,0.9405940594059404,,128,,0,,313,,4271,,4712
4035,189,212,0.07615794043259975,34,,0,,72,,26,4271,132,4712
20810,189,211,0.39277490468460985,34,,0,,72,,26,4271,132,4712
38,189,220,0.0007172247178286966,34,,0,,72,,26,4271,132,4712
3591,189,221,0.06777773583481182,34,,0,,72,,26,4271,132,4712
7,189,276,0.00013212034275791778,34,,0,,72,,26,4271,132,4712
36,189,224,0.0006794760484692914,34,,0,,72,,26,4271,132,4712
0,189,225,0.0,34,,0,,72,,26,4271,132,4712
0,189,229,0.0,34,,0,,72,,26,4271,132,4712
430,189,206,0.008115963912272092,34,,0,,72,,26,4271,132,4712
1546,189,233,0.029179721414820132,34,,0,,72,,26,4271,132,4712
14,189,234,0.0002642406855158356,34,,0,,72,,26,4271,132,4712
25,189,237,0.0004718583669925635,34,,0,,72,,26,4271,132,4712
97,189,240,0.0018308104639311465,34,,0,,72,,26,4271,132,4712
170,189,223,0.003208636895549432,34,,0,,72,,26,4271,132,4712
8,189,241,0.00015099467743762032,34,,0,,72,,26,4271,132,4712
16,189,275,0.00030198935487524064,34,,0,,72,,26,4271,132,4712
124,189,207,0.002340417500283115,34,,0,,72,,26,4271,132,4712
113,189,248,0.002132799818806387,34,,0,,72,,26,4271,132,4712
1,189,250,1.887433467970254e-05,34,,0,,72,,26,4271,132,4712
12,189,251,0.00022649201615643048,34,,0,,72,,26,4271,132,4712
10,189,273,0.00018874334679702543,34,,0,,72,,26,4271,132,4712
201,189,253,0.00379374127062021,34,,0,,72,,26,4271,132,4712
41,189,254,0.0007738477218678043,34,,0,,72,,26,4271,132,4712
1644,221,85,0.05327975110189266,,382,,0,,148,,32528,,33058
366,237,166,0.8491879350348028,,128,,0,,313,,4271,,4712
26,237,189,0.06032482598607888,,34,,0,,72,,26,,132
4212,211,147,0.037438668847329874,,562,,0,,979,,23443,,24984
8816,211,85,0.07836165825215104,,382,,0,,148,,32528,,33058
412,240,166,0.6765188834154351,,128,,0,,313,,4271,,4712
1259,223,166,0.7705018359853121,,128,,0,,313,,4271,,4712
185,223,85,0.11321909424724602,,382,,0,,148,,32528,,33058
190,223,189,0.11627906976744184,,34,,0,,72,,26,,132
1,241,147,0.014705882352941175,,562,,0,,979,,23443,,24984
56,241,166,0.8235294117647058,,128,,0,,313,,4271,,4712
3,241,85,0.04411764705882353,,382,,0,,148,,32528,,33058
6,241,189,0.08823529411764706,,34,,0,,72,,26,,132
348,242,166,0.9886363636363636,,128,,0,,313,,4271,,4712
19,243,166,0.76,,128,,0,,313,,4271,,4712
3,243,189,0.12,,34,,0,,72,,26,,132
102,244,166,0.9107142857142856,,128,,0,,313,,4271,,4712
1,244,85,0.008928571428571428,,382,,0,,148,,32528,,33058
1,244,189,0.008928571428571428,,34,,0,,72,,26,,132
4469,236,166,0.7754641679680722,,128,,0,,313,,4271,,4712
302,236,85,0.052403262189831684,,382,,0,,148,,32528,,33058
481,236,189,0.08346347388512927,,34,,0,,72,,26,,132
5399,248,166,0.9251199451679232,,128,,0,,313,,4271,,4712
27,249,147,0.019203413940256046,,562,,0,,979,,23443,,24984
1067,249,166,0.7588904694167852,,128,,0,,313,,4271,,4712
105,249,85,0.07467994310099574,,382,,0,,148,,32528,,33058
100,249,189,0.07112375533428165,,34,,0,,72,,26,,132
2,250,189,1.0,,34,,0,,72,,26,,132
464,239,166,0.9224652087475148,,128,,0,,313,,4271,,4712
1239,257,166,0.7983247422680413,,128,,0,,313,,4271,,4712
178,257,189,0.11469072164948453,,34,,0,,72,,26,,132
1940,235,166,0.7163958641063516,,128,,0,,313,,4271,,4712
2575,253,166,0.8870134343782294,,128,,0,,313,,4271,,4712
25,253,147,0.00861178091629349,,562,,0,,979,,23443,,24984
83,253,85,0.02859111264209438,,382,,0,,148,,32528,,33058
164,253,189,0.05649328281088529,,34,,0,,72,,26,,132
344,254,166,0.8190476190476189,,128,,0,,313,,4271,,4712
43,254,85,0.10238095238095238,,382,,0,,148,,32528,,33058
33,254,189,0.07857142857142857,,34,,0,,72,,26,,132
1992,207,166,0.8275862068965517,,128,,0,,313,,4271,,4712
487,246,166,0.9586614173228346,,128,,0,,313,,4271,,4712
2577,256,166,0.8137038206504579,,128,,0,,313,,4271,,4712
291,273,166,0.9179810725552049,,128,,0,,313,,4271,,4712
12,291,166,1.0,,128,,0,,313,,4271,,4712
6,285,166,1.0,,128,,0,,313,,4271,,4712
137,258,166,0.9319727891156464,,128,,0,,313,,4271,,4712
300,255,166,1.0,,128,,0,,313,,4271,,4712
94,260,166,1.0,,128,,0,,313,,4271,,4712
115,269,166,0.9426229508196722,,128,,0,,313,,4271,,4712
12,166,291,4.228672513981048e-05,128,,0,,313,,4271,4271,4712,4712
8,166,285,2.819115009320699e-05,128,,0,,313,,4271,4271,4712,4712
178,166,258,0.0006272530895738554,128,,0,,313,,4271,4271,4712,4712
186,166,255,0.0006554442396670625,128,,0,,313,,4271,4271,4712,4712
116,166,260,0.0004087716763515013,128,,0,,313,,4271,4271,4712,4712
247,166,269,0.0008704017591277657,128,,0,,313,,4271,4271,4712,4712
71,166,261,0.000250196457077212,128,,0,,313,,4271,4271,4712,4712
40,166,262,0.00014095575046603497,128,,0,,313,,4271,4271,4712,4712
80,166,286,0.0002819115009320699,128,,0,,313,,4271,4271,4712,4712
5,166,287,1.7619468808254368e-05,128,,0,,313,,4271,4271,4712,4712
66,166,214,0.00023257698826895765,128,,0,,313,,4271,4271,4712,4712
28,166,270,9.866902532622446e-05,128,,0,,313,,4271,4271,4712,4712
109,166,267,0.00038410442001994517,128,,0,,313,,4271,4271,4712,4712
576,166,239,0.0020297628067109034,128,,0,,313,,4271,4271,4712,4712
83,166,263,0.0002924831822170225,128,,0,,313,,4271,4271,4712,4712
138,166,264,0.0004862973391078206,128,,0,,313,,4271,4271,4712,4712
34,166,280,0.00011981238789612971,128,,0,,313,,4271,4271,4712,4712
19,166,284,6.69539814713666e-05,128,,0,,313,,4271,4271,4712,4712
53,166,272,0.00018676636936749633,128,,0,,313,,4271,4271,4712,4712
317,166,273,0.001117074322443327,128,,0,,313,,4271,4271,4712,4712
164,166,252,0.0005779185769107432,128,,0,,313,,4271,4271,4712,4712
70,166,282,0.00024667256331556116,128,,0,,313,,4271,4271,4712,4712
14,166,292,4.933451266311223e-05,128,,0,,313,,4271,4271,4712,4712
38,261,166,1.0,,128,,0,,313,,4271,,4712
95,216,166,0.7851239669421488,,128,,0,,313,,4271,,4712
33,262,166,1.0,,128,,0,,313,,4271,,4712
124,286,166,1.0,,128,,0,,313,,4271,,4712
6,287,166,1.0,,128,,0,,313,,4271,,4712
49,214,166,0.9423076923076924,,128,,0,,313,,4271,,4712
23,270,166,1.0,,128,,0,,313,,4271,,4712
73,267,166,1.0,,128,,0,,313,,4271,,4712
66,263,166,0.9166666666666666,,128,,0,,313,,4271,,4712
101,264,166,0.9901960784313726,,128,,0,,313,,4271,,4712
17,280,166,1.0,,128,,0,,313,,4271,,4712
18,284,166,1.0,,128,,0,,313,,4271,,4712
56,272,166,0.9824561403508772,,128,,0,,313,,4271,,4712
130,252,166,0.8965517241379308,,128,,0,,313,,4271,,4712
47,282,166,0.9591836734693876,,128,,0,,313,,4271,,4712
1871,166,266,0.006593205228048785,128,,0,,313,,4271,4271,4712,4712
2065,227,166,0.7685150725716412,,128,,0,,313,,4271,,4712
8206,166,208,0.02891707220810707,128,,0,,313,,4271,4271,4712,4712
1878,166,227,0.006617872484380341,128,,0,,313,,4271,4271,4712,4712
910,166,237,0.003206743323102295,128,,0,,313,,4271,4271,4712,4712
1054,166,257,0.003714184024780021,128,,0,,313,,4271,4271,4712,4712
9508,208,166,0.7897009966777409,,128,,0,,313,,4271,,4712
245,227,189,0.09117975437290657,,34,,0,,72,,26,,132
144,266,189,0.05913757700205339,,34,,0,,72,,26,,132
320,189,227,0.006039787097504814,34,,0,,72,,26,26,132,132
123,189,266,0.002321543165603413,34,,0,,72,,26,26,132,132
2,189,246,3.774866935940508e-05,34,,0,,72,,26,26,132,132
4,242,189,0.011363636363636364,,34,,0,,72,,26,,132
15258,265,189,0.2330889092575619,,34,,0,,72,,26,,132
5,246,189,0.00984251968503937,,34,,0,,72,,26,,132
13778,247,166,0.8602110257851033,,128,,0,,313,,4271,,4712
81,248,189,0.013879369431117205,,34,,0,,72,,26,,132
1489,12,217,0.3246838203227213,232,,0,,0,,3951,26,4183,132
70,12,211,0.01526384648931531,232,,0,,0,,3951,26,4183,132
62,210,147,0.0142692750287687,,562,,0,,979,,23443,,24984
47,210,116,0.010817031070195628,,166,,0,,112,,12436,,12714
3441,210,166,0.7919447640966628,,128,,0,,313,,4271,,4712
298,210,85,0.06858457997698504,,382,,0,,148,,32528,,33058
44,210,191,0.010126582278481013,,580,,0,,172,,4432,,5184
331,210,189,0.0761795166858458,,34,,0,,72,,26,,132
74,210,86,0.01703107019562716,,284,,0,,701,,7047,,8032
19,210,142,0.004372842347525892,,758,,0,,64,,8296,,9118
1,210,152,0.0002301495972382048,,328,,0,,199,,2504,,3031
87,147,210,0.008727929373996789,562,,0,,979,,23443,2504,24984,3031
171,147,217,0.017154895666131622,562,,0,,979,,23443,2504,24984,3031
47,116,210,0.016821760916249106,166,,0,,112,,12436,2504,12714,3031
208,116,221,0.0744452397995705,166,,0,,112,,12436,2504,12714,3031
135,116,217,0.048317823908375086,166,,0,,112,,12436,2504,12714,3031
674,116,211,0.24123120973514675,166,,0,,112,,12436,2504,12714,3031
133,116,236,0.047602004294917684,166,,0,,112,,12436,2504,12714,3031
3631,166,210,0.012795258248554323,128,,0,,313,,4271,2504,4712,3031
223,85,210,0.00634640560077409,382,,0,,148,,32528,2504,33058,3031
842,85,217,0.023962661506061814,382,,0,,148,,32528,2504,33058,3031
259,85,236,0.0073709374466389655,382,,0,,148,,32528,2504,33058,3031
36,191,210,0.001405152224824356,580,,0,,172,,4432,2504,5184,3031
783,191,221,0.030562060889929743,580,,0,,172,,4432,2504,5184,3031
3488,191,217,0.13614363778298205,580,,0,,172,,4432,2504,5184,3031
13187,191,211,0.5147150663544107,580,,0,,172,,4432,2504,5184,3031
150,191,236,0.00585480093676815,580,,0,,172,,4432,2504,5184,3031
12,130,210,0.009216589861751152,3402,,0,,1270,,29932,2504,34604,3031
130,130,221,0.09984639016897083,3402,,0,,1270,,29932,2504,34604,3031
37,130,217,0.02841781874039938,3402,,0,,1270,,29932,2504,34604,3031
339,130,211,0.26036866359447003,3402,,0,,1270,,29932,2504,34604,3031
223,221,116,0.007227119522945294,,166,,0,,112,,12436,,12714
625,221,191,0.02025537982888255,,580,,0,,172,,4432,,5184
80,221,130,0.0025926886180969665,,3402,,0,,1270,,29932,,34604
7,221,77,0.00022686025408348456,,68,,0,,0,,3341,,3409
260,221,86,0.008426238008815142,,284,,0,,701,,7047,,8032
82,221,142,0.0026575058335493906,,758,,0,,64,,8296,,9118
1,77,210,0.024390243902439025,68,,0,,0,,3341,8296,3409,9118
11,77,221,0.2682926829268293,68,,0,,0,,3341,8296,3409,9118
1301,217,12,0.06352228895073482,,232,,0,,0,,3951,,4183
152,217,116,0.00742151262145403,,166,,0,,112,,12436,,12714
869,217,85,0.04242956886870759,,382,,0,,148,,32528,,33058
4158,217,191,0.20301743078951226,,580,,0,,172,,4432,,5184
32,217,130,0.001562423709779796,,3402,,0,,1270,,29932,,34604
1193,217,189,0.058249108930228014,,34,,0,,72,,26,,132
27,217,170,0.0013182950051267028,,420,,0,,96,,7533,,8049
162,217,86,0.007909770030760217,,284,,0,,701,,7047,,8032
41,217,142,0.002001855378155364,,758,,0,,64,,8296,,9118
16,217,152,0.000781211854889898,,328,,0,,199,,2504,,3031
3,71,221,0.1,36,,0,,4,,934,2504,974,3031
7,71,211,0.2333333333333333,36,,0,,4,,934,2504,974,3031
343,189,210,0.006473896795137972,34,,0,,72,,26,2504,132,3031
1139,189,217,0.0214978672001812,34,,0,,72,,26,2504,132,3031
456,189,236,0.008606696613944358,34,,0,,72,,26,2504,132,3031
55,211,12,0.0004888715067908697,,232,,0,,0,,3951,,4183
611,211,116,0.005430918011804025,,166,,0,,112,,12436,,12714
11998,211,191,0.10664509706321552,,580,,0,,172,,4432,,5184
317,211,130,0.002817677593685558,,3402,,0,,1270,,29932,,34604
9,211,77,7.999715565668776e-05,,68,,0,,0,,3341,,3409
6,211,71,5.3331437104458505e-05,,36,,0,,4,,934,,974
53,211,170,0.0004710943610893834,,420,,0,,96,,7533,,8049
1563,211,86,0.013892839365711441,,284,,0,,701,,7047,,8032
132,211,142,0.0011732916162980874,,758,,0,,64,,8296,,9118
73,211,152,0.0006488658181042451,,328,,0,,199,,2504,,3031
4,170,210,0.012084592145015106,420,,0,,96,,7533,2504,8049,3031
37,170,221,0.11178247734138973,420,,0,,96,,7533,2504,8049,3031
33,170,217,0.09969788519637462,420,,0,,96,,7533,2504,8049,3031
72,170,211,0.2175226586102719,420,,0,,96,,7533,2504,8049,3031
19,170,236,0.05740181268882175,420,,0,,96,,7533,2504,8049,3031
66,86,210,0.008616187989556136,284,,0,,701,,7047,2504,8032,3031
262,86,221,0.03420365535248042,284,,0,,701,,7047,2504,8032,3031
209,86,217,0.027284595300261096,284,,0,,701,,7047,2504,8032,3031
2162,86,211,0.28224543080939946,284,,0,,701,,7047,2504,8032,3031
80,86,236,0.010443864229765013,284,,0,,701,,7047,2504,8032,3031
102,236,147,0.017699115044247787,,562,,0,,979,,23443,,24984
103,236,116,0.01787263577997571,,166,,0,,112,,12436,,12714
128,236,191,0.02221065417317369,,580,,0,,172,,4432,,5184
16,236,170,0.002776331771646712,,420,,0,,96,,7533,,8049
90,236,86,0.015616866215512754,,284,,0,,701,,7047,,8032
2,142,210,0.0029455081001472753,758,,0,,64,,8296,7047,9118,8032
78,142,221,0.11487481590574375,758,,0,,64,,8296,7047,9118,8032
76,142,217,0.11192930780559647,758,,0,,64,,8296,7047,9118,8032
196,142,211,0.28865979381443296,758,,0,,64,,8296,7047,9118,8032
56,152,221,0.26046511627906976,328,,0,,199,,2504,7047,3031,8032
15,152,217,0.06976744186046513,328,,0,,199,,2504,7047,3031,8032
64,152,211,0.2976744186046512,328,,0,,199,,2504,7047,3031,8032
573,209,166,0.75,,128,,0,,313,,4271,,4712
531,166,209,0.001871187587436614,128,,0,,313,,4271,4271,4712,4712
13069,166,218,0.04605376757101527,128,,0,,313,,4271,4271,4712,4712
478,166,240,0.0016844212180691176,128,,0,,313,,4271,4271,4712,4712
11961,218,166,0.9126354341522966,,128,,0,,313,,4271,,4712
38,12,212,0.008286088094199739,232,,0,,0,,3951,4271,4183,4712
56,12,218,0.012211077191452244,232,,0,,0,,3951,4271,4183,4712
3,12,208,0.0006541648495420846,232,,0,,0,,3951,4271,4183,4712
9,12,206,0.0019624945486262533,232,,0,,0,,3951,4271,4183,4712
24,12,235,0.005233318796336677,232,,0,,0,,3951,4271,4183,4712
5,12,221,0.0010902747492368076,232,,0,,0,,3951,4271,4183,4712
4,12,236,0.0008722197993894463,232,,0,,0,,3951,4271,4183,4712
134,12,247,0.02921936327954645,232,,0,,0,,3951,4271,4183,4712
7,210,129,0.001611047180667434,,22,,0,,204,,667,,893
4,210,130,0.0009205983889528193,,3402,,0,,1270,,29932,,34604
13,210,119,0.002991944764096663,,28,,0,,30,,1618,,1676
4,210,170,0.0009205983889528193,,420,,0,,96,,7533,,8049
32,129,210,0.010854816824966078,22,,0,,204,,667,7533,893,8049
353,129,212,0.11974219810040705,22,,0,,204,,667,7533,893,8049
7,129,215,0.0023744911804613297,22,,0,,204,,667,7533,893,8049
8,129,218,0.0027137042062415195,22,,0,,204,,667,7533,893,8049
11,129,208,0.00373134328358209,22,,0,,204,,667,7533,893,8049
97,129,221,0.03290366350067843,22,,0,,204,,667,7533,893,8049
8,129,222,0.0027137042062415195,22,,0,,204,,667,7533,893,8049
1822,129,211,0.6180461329715061,22,,0,,204,,667,7533,893,8049
19,129,217,0.006445047489823609,22,,0,,204,,667,7533,893,8049
3,129,227,0.0010176390773405698,22,,0,,204,,667,7533,893,8049
5,129,266,0.00169606512890095,22,,0,,204,,667,7533,893,8049
63,129,206,0.021370420624151967,22,,0,,204,,667,7533,893,8049
27,129,233,0.009158751696065129,22,,0,,204,,667,7533,893,8049
1,129,235,0.00033921302578018993,22,,0,,204,,667,7533,893,8049
414,129,265,0.14043419267299864,22,,0,,204,,667,7533,893,8049
16,129,236,0.005427408412483039,22,,0,,204,,667,7533,893,8049
57,129,247,0.019335142469470826,22,,0,,204,,667,7533,893,8049
5,129,249,0.00169606512890095,22,,0,,204,,667,7533,893,8049
15,147,215,0.0015048154093097914,562,,0,,979,,23443,7533,24984,8049
34,147,218,0.003410914927768861,562,,0,,979,,23443,7533,24984,8049
152,147,208,0.015248796147672553,562,,0,,979,,23443,7533,24984,8049
413,147,222,0.04143258426966292,562,,0,,979,,23443,7533,24984,8049
20,147,227,0.0020064205457463887,562,,0,,979,,23443,7533,24984,8049
30,147,266,0.003009630818619583,562,,0,,979,,23443,7533,24984,8049
84,147,206,0.008426966292134831,562,,0,,979,,23443,7533,24984,8049
115,147,233,0.011536918138041731,562,,0,,979,,23443,7533,24984,8049
13,147,235,0.0013041733547351525,562,,0,,979,,23443,7533,24984,8049
3406,147,265,0.34169341894060995,562,,0,,979,,23443,7533,24984,8049
1,147,256,0.00010032102728731942,562,,0,,979,,23443,7533,24984,8049
193,212,129,0.007466728567007119,,22,,0,,204,,667,,893
447,212,147,0.017293407613741874,,562,,0,,979,,23443,,24984
290,212,116,0.011219436706901887,,166,,0,,112,,12436,,12714
352,212,191,0.013618074899411949,,580,,0,,172,,4432,,5184
96,212,130,0.003714020427112349,,3402,,0,,1270,,29932,,34604
11,212,119,0.00042556484060662334,,28,,0,,30,,1618,,1676
6,212,95,0.00023212627669452182,,342,,0,,243,,12438,,13023
52,212,170,0.002011761064685856,,420,,0,,96,,7533,,8049
60,212,108,0.002321262766945218,,73,,0,,138,,173,,384
23,212,109,0.0008898173939956668,,1153,,0,,0,,12627,,13780
929,212,86,0.035940885174868466,,284,,0,,701,,7047,,8032
16,212,182,0.0006190034045187249,,18,,0,,47,,51,,116
35,212,74,0.0013540699473847107,,38,,0,,55,,4,,97
4,212,36,0.00015475085112968121,,108,,0,,0,,998,,1106
73,212,142,0.002824203033116682,,758,,0,,64,,8296,,9118
59,212,152,0.0022825750541627977,,328,,0,,199,,2504,,3031
4,212,138,0.00015475085112968121,,106,,0,,75,,4767,,4948
386,116,212,0.1381531853972799,166,,0,,112,,12436,4767,12714,4948
16,116,218,0.0057265569076592705,166,,0,,112,,12436,4767,12714,4948
58,116,208,0.020758768790264854,166,,0,,112,,12436,4767,12714,4948
11,116,222,0.003937007874015748,166,,0,,112,,12436,4767,12714,4948
21,116,227,0.00751610594130279,166,,0,,112,,12436,4767,12714,4948
18,116,266,0.006442376521116679,166,,0,,112,,12436,4767,12714,4948
57,116,206,0.02040085898353615,166,,0,,112,,12436,4767,12714,4948
53,116,233,0.01896921975662133,166,,0,,112,,12436,4767,12714,4948
14,116,235,0.005010737294201861,166,,0,,112,,12436,4767,12714,4948
914,116,265,0.3271295633500358,166,,0,,112,,12436,4767,12714,4948
34,116,247,0.012168933428775949,166,,0,,112,,12436,4767,12714,4948
14,116,249,0.005010737294201861,166,,0,,112,,12436,4767,12714,4948
7,215,129,0.021671826625387,,22,,0,,204,,667,,893
15,215,147,0.04643962848297214,,562,,0,,979,,23443,,24984
2,215,116,0.006191950464396285,,166,,0,,112,,12436,,12714
8,215,85,0.02476780185758514,,382,,0,,148,,32528,,33058
3,215,191,0.009287925696594429,,580,,0,,172,,4432,,5184
2,215,130,0.006191950464396285,,3402,,0,,1270,,29932,,34604
2,215,109,0.006191950464396285,,1153,,0,,0,,12627,,13780
1059,166,222,0.003731803493588275,128,,0,,313,,4271,12627,4712,13780
29874,166,265,0.1052728022355582,128,,0,,313,,4271,12627,4712,13780
2306,166,256,0.008126099014366915,128,,0,,313,,4271,12627,4712,13780
45,218,12,0.003433541889211049,,232,,0,,0,,3951,,4183
4,218,129,0.0003052037234854265,,22,,0,,204,,667,,893
26,218,147,0.0019838242026552727,,562,,0,,979,,23443,,24984
8,218,116,0.000610407446970853,,166,,0,,112,,12436,,12714
342,218,85,0.02609491835800397,,382,,0,,148,,32528,,33058
354,218,191,0.027010529528460246,,580,,0,,172,,4432,,5184
10,218,130,0.0007630093087135663,,3402,,0,,1270,,29932,,34604
1,218,95,7.630093087135663e-05,,342,,0,,243,,12438,,13023
299,218,189,0.022813978330535632,,34,,0,,72,,26,,132
13,218,170,0.000991912101327636,,420,,0,,96,,7533,,8049
2,218,108,0.00015260186174271322,,73,,0,,138,,173,,384
4,218,109,0.0003052037234854265,,1153,,0,,0,,12627,,13780
15,218,86,0.0011445139630703494,,284,,0,,701,,7047,,8032
3,218,182,0.00022890279261406993,,18,,0,,47,,51,,116
1,218,74,7.630093087135663e-05,,38,,0,,55,,4,,97
1,218,36,7.630093087135663e-05,,108,,0,,0,,998,,1106
10,218,142,0.0007630093087135663,,758,,0,,64,,8296,,9118
5,218,152,0.0003815046543567831,,328,,0,,199,,2504,,3031
2,218,138,0.00015260186174271322,,106,,0,,75,,4767,,4948
10,208,12,0.0008305647840531563,,232,,0,,0,,3951,,4183
19,208,129,0.0015780730897009968,,22,,0,,204,,667,,893
185,208,147,0.015365448504983387,,562,,0,,979,,23443,,24984
82,208,116,0.0068106312292358796,,166,,0,,112,,12436,,12714
151,208,85,0.012541528239202656,,382,,0,,148,,32528,,33058
194,208,191,0.01611295681063123,,580,,0,,172,,4432,,5184
41,208,130,0.0034053156146179398,,3402,,0,,1270,,29932,,34604
2,208,119,0.00016611295681063124,,28,,0,,30,,1618,,1676
1,208,77,8.305647840531562e-05,,68,,0,,0,,3341,,3409
4,208,95,0.0003322259136212625,,342,,0,,243,,12438,,13023
10,208,170,0.0008305647840531563,,420,,0,,96,,7533,,8049
12,208,108,0.0009966777408637873,,73,,0,,138,,173,,384
1,208,109,8.305647840531562e-05,,1153,,0,,0,,12627,,13780
46,208,86,0.003820598006644519,,284,,0,,701,,7047,,8032
2,208,182,0.00016611295681063124,,18,,0,,47,,51,,116
2,208,74,0.00016611295681063124,,38,,0,,55,,4,,97
3,208,36,0.0002491694352159468,,108,,0,,0,,998,,1106
21,208,142,0.0017441860465116279,,758,,0,,64,,8296,,9118
15,208,152,0.001245847176079734,,328,,0,,199,,2504,,3031
5,208,138,0.00041528239202657814,,106,,0,,75,,4767,,4948
1,85,215,2.845921794069099e-05,382,,0,,148,,32528,4767,33058,4948
383,85,218,0.01089988047128465,382,,0,,148,,32528,4767,33058,4948
126,85,208,0.003585861460527065,382,,0,,148,,32528,4767,33058,4948
88,85,222,0.0025044111787808072,382,,0,,148,,32528,4767,33058,4948
141,85,266,0.00401274972963743,382,,0,,148,,32528,4767,33058,4948
873,85,233,0.024844897262223237,382,,0,,148,,32528,4767,33058,4948
179,85,235,0.005094200011383688,382,,0,,148,,32528,4767,33058,4948
8058,85,265,0.22932437816608803,382,,0,,148,,32528,4767,33058,4948
231,85,256,0.006574079344299618,382,,0,,148,,32528,4767,33058,4948
728,85,247,0.020718310660823042,382,,0,,148,,32528,4767,33058,4948
445,191,212,0.017369242779078843,580,,0,,172,,4432,4767,5184,4948
8,191,215,0.000312256049960968,580,,0,,172,,4432,4767,5184,4948
156,191,218,0.006088992974238876,580,,0,,172,,4432,4767,5184,4948
201,191,208,0.00784543325526932,580,,0,,172,,4432,4767,5184,4948
23,191,222,0.000897736143637783,580,,0,,172,,4432,4767,5184,4948
120,191,227,0.00468384074941452,580,,0,,172,,4432,4767,5184,4948
113,191,266,0.004410616705698672,580,,0,,172,,4432,4767,5184,4948
198,191,206,0.007728337236533957,580,,0,,172,,4432,4767,5184,4948
300,191,233,0.0117096018735363,580,,0,,172,,4432,4767,5184,4948
118,191,235,0.004605776736924278,580,,0,,172,,4432,4767,5184,4948
5281,191,265,0.206128024980484,580,,0,,172,,4432,4767,5184,4948
482,191,247,0.01881342701014832,580,,0,,172,,4432,4767,5184,4948
137,191,249,0.005347384855581577,580,,0,,172,,4432,4767,5184,4948
114,130,212,0.08755760368663594,3402,,0,,1270,,29932,4767,34604,4948
2,130,215,0.001536098310291859,3402,,0,,1270,,29932,4767,34604,4948
9,130,218,0.0069124423963133645,3402,,0,,1270,,29932,4767,34604,4948
59,130,208,0.04531490015360983,3402,,0,,1270,,29932,4767,34604,4948
23,130,222,0.017665130568356373,3402,,0,,1270,,29932,4767,34604,4948
15,130,227,0.01152073732718894,3402,,0,,1270,,29932,4767,34604,4948
17,130,206,0.013056835637480798,3402,,0,,1270,,29932,4767,34604,4948
10,130,233,0.007680491551459293,3402,,0,,1270,,29932,4767,34604,4948
2,130,235,0.001536098310291859,3402,,0,,1270,,29932,4767,34604,4948
468,130,265,0.3594470046082949,3402,,0,,1270,,29932,4767,34604,4948
27,130,236,0.02073732718894009,3402,,0,,1270,,29932,4767,34604,4948
1,130,256,0.0007680491551459293,3402,,0,,1270,,29932,4767,34604,4948
23,130,247,0.017665130568356373,3402,,0,,1270,,29932,4767,34604,4948
4,130,249,0.0030721966205837174,3402,,0,,1270,,29932,4767,34604,4948
66,221,129,0.0021389681099299976,,22,,0,,204,,667,,893
21,221,95,0.0006805807622504537,,342,,0,,243,,12438,,13023
26,221,170,0.0008426238008815141,,420,,0,,96,,7533,,8049
49,221,108,0.001588021778584392,,73,,0,,138,,173,,384
12,221,109,0.000388903292714545,,1153,,0,,0,,12627,,13780
46,221,152,0.001490795955405756,,328,,0,,199,,2504,,3031
7,222,129,0.0026041666666666665,,22,,0,,204,,667,,893
454,222,147,0.16889880952380953,,562,,0,,979,,23443,,24984
13,222,116,0.004836309523809524,,166,,0,,112,,12436,,12714
1101,222,166,0.4095982142857143,,128,,0,,313,,4271,,4712
108,222,85,0.04017857142857143,,382,,0,,148,,32528,,33058
87,222,191,0.03236607142857143,,580,,0,,172,,4432,,5184
18,222,130,0.006696428571428571,,3402,,0,,1270,,29932,,34604
859,222,189,0.3195684523809524,,34,,0,,72,,26,,132
1,222,170,0.0003720238095238095,,420,,0,,96,,7533,,8049
2,222,109,0.000744047619047619,,1153,,0,,0,,12627,,13780
33,222,86,0.012276785714285714,,284,,0,,701,,7047,,8032
2,222,182,0.000744047619047619,,18,,0,,47,,51,,116
3,222,142,0.0011160714285714283,,758,,0,,64,,8296,,9118
3,119,218,0.05084745762711865,28,,0,,30,,1618,8296,1676,9118
1,119,208,0.01694915254237288,28,,0,,30,,1618,8296,1676,9118
12,119,217,0.2033898305084746,28,,0,,30,,1618,8296,1676,9118
1,119,227,0.01694915254237288,28,,0,,30,,1618,8296,1676,9118
14,119,211,0.23728813559322035,28,,0,,30,,1618,8296,1676,9118
2,119,206,0.03389830508474576,28,,0,,30,,1618,8296,1676,9118
2,119,233,0.03389830508474576,28,,0,,30,,1618,8296,1676,9118
3,119,235,0.05084745762711865,28,,0,,30,,1618,8296,1676,9118
11,119,212,0.1864406779661017,28,,0,,30,,1618,8296,1676,9118
9,119,221,0.15254237288135594,28,,0,,30,,1618,8296,1676,9118
1,119,236,0.01694915254237288,28,,0,,30,,1618,8296,1676,9118
9,77,212,0.2195121951219512,68,,0,,0,,3341,8296,3409,9118
6,77,208,0.14634146341463414,68,,0,,0,,3341,8296,3409,9118
5,77,211,0.12195121951219512,68,,0,,0,,3341,8296,3409,9118
1,77,206,0.024390243902439025,68,,0,,0,,3341,8296,3409,9118
5,77,233,0.12195121951219512,68,,0,,0,,3341,8296,3409,9118
2,77,236,0.04878048780487805,68,,0,,0,,3341,8296,3409,9118
1,77,217,0.024390243902439025,68,,0,,0,,3341,8296,3409,9118
3,186,217,0.375,124,,0,,25,,2703,8296,2852,9118
3,186,212,0.375,124,,0,,25,,2703,8296,2852,9118
2,186,221,0.25,124,,0,,25,,2703,8296,2852,9118
1511,211,129,0.0134306335774728,,22,,0,,204,,667,,893
55,211,74,0.0004888715067908697,,38,,0,,55,,4,,97
20,217,129,0.0009765148186123725,,22,,0,,204,,667,,893
16,217,119,0.000781211854889898,,28,,0,,30,,1618,,1676
4,217,77,0.0001953029637224745,,68,,0,,0,,3341,,3409
3,217,186,0.00014647722279185587,,124,,0,,25,,2703,,2852
4,217,95,0.0001953029637224745,,342,,0,,243,,12438,,13023
1,217,71,4.8825740930618625e-05,,36,,0,,4,,934,,974
16,217,108,0.000781211854889898,,73,,0,,138,,173,,384
28,217,109,0.0013671207460573215,,1153,,0,,0,,12627,,13780
5,217,182,0.00024412870465309312,,18,,0,,47,,51,,116
26,217,74,0.001269469264196084,,38,,0,,55,,4,,97
3,217,36,0.00014647722279185587,,108,,0,,0,,998,,1106
9,217,138,0.0004394316683755676,,106,,0,,75,,4767,,4948
9,227,129,0.003349460364719017,,22,,0,,204,,667,,893
19,227,147,0.007071082992184593,,562,,0,,979,,23443,,24984
4,227,116,0.00148864905098623,,166,,0,,112,,12436,,12714
158,227,85,0.058801637513956076,,382,,0,,148,,32528,,33058
117,227,191,0.043542984741347227,,580,,0,,172,,4432,,5184
7,227,130,0.0026051358392259025,,3402,,0,,1270,,29932,,34604
2,227,109,0.000744324525493115,,1153,,0,,0,,12627,,13780
27,227,86,0.010048381094157052,,284,,0,,701,,7047,,8032
3,227,142,0.0011164867882396724,,758,,0,,64,,8296,,9118
24512,228,166,0.9068106988272724,,128,,0,,313,,4271,,4712
12,266,129,0.004928131416837783,,22,,0,,204,,667,,893
23,266,147,0.00944558521560575,,562,,0,,979,,23443,,24984
13,266,116,0.0053388090349075976,,166,,0,,112,,12436,,12714
2011,266,166,0.8258726899383984,,128,,0,,313,,4271,,4712
134,266,85,0.05503080082135524,,382,,0,,148,,32528,,33058
58,266,191,0.02381930184804928,,580,,0,,172,,4432,,5184
1,266,130,0.0004106776180698152,,3402,,0,,1270,,29932,,34604
1,266,77,0.0004106776180698152,,68,,0,,0,,3341,,3409
1,266,108,0.0004106776180698152,,73,,0,,138,,173,,384
29,266,86,0.01190965092402464,,284,,0,,701,,7047,,8032
4,266,74,0.0016427104722792608,,38,,0,,55,,4,,97
4,266,142,0.0016427104722792608,,758,,0,,64,,8296,,9118
10,211,119,8.888572850743084e-05,,28,,0,,30,,1618,,1676
1,95,210,0.006329113924050633,342,,0,,243,,12438,1618,13023,1676
35,95,212,0.2215189873417721,342,,0,,243,,12438,1618,13023,1676
2,95,215,0.012658227848101266,342,,0,,243,,12438,1618,13023,1676
1,95,218,0.006329113924050633,342,,0,,243,,12438,1618,13023,1676
5,95,208,0.03164556962025317,342,,0,,243,,12438,1618,13023,1676
13,95,221,0.08227848101265822,342,,0,,243,,12438,1618,13023,1676
13,95,217,0.08227848101265822,342,,0,,243,,12438,1618,13023,1676
2,95,227,0.012658227848101266,342,,0,,243,,12438,1618,13023,1676
49,95,211,0.310126582278481,342,,0,,243,,12438,1618,13023,1676
7,95,206,0.04430379746835443,342,,0,,243,,12438,1618,13023,1676
8,95,233,0.05063291139240506,342,,0,,243,,12438,1618,13023,1676
1,95,235,0.006329113924050633,342,,0,,243,,12438,1618,13023,1676
9,95,236,0.0569620253164557,342,,0,,243,,12438,1618,13023,1676
12,95,247,0.0759493670886076,342,,0,,243,,12438,1618,13023,1676
1,211,186,8.888572850743085e-06,,124,,0,,25,,2703,,2852
26,211,95,0.00023110289411932018,,342,,0,,243,,12438,,13023
119,211,108,0.001057740169238427,,73,,0,,138,,173,,384
50,211,109,0.0004444286425371543,,1153,,0,,0,,12627,,13780
25,211,182,0.00022221432126857715,,18,,0,,47,,51,,116
12,211,36,0.00010666287420891701,,108,,0,,0,,998,,1106
6,211,138,5.3331437104458505e-05,,106,,0,,75,,4767,,4948
5,71,212,0.16666666666666666,36,,0,,4,,934,4767,974,4948
7,71,217,0.2333333333333333,36,,0,,4,,934,4767,974,4948
3,71,206,0.1,36,,0,,4,,934,4767,974,4948
1,71,235,0.03333333333333333,36,,0,,4,,934,4767,974,4948
2,71,265,0.06666666666666668,36,,0,,4,,934,4767,974,4948
2,71,247,0.06666666666666668,36,,0,,4,,934,4767,974,4948
2,206,12,0.0004541326067211626,,232,,0,,0,,3951,,4183
39,206,129,0.008855585831062671,,22,,0,,204,,667,,893
61,206,147,0.01385104450499546,,562,,0,,979,,23443,,24984
31,206,116,0.007039055404178021,,166,,0,,112,,12436,,12714
131,206,191,0.02974568574023615,,580,,0,,172,,4432,,5184
11,206,130,0.002497729336966394,,3402,,0,,1270,,29932,,34604
1,206,77,0.0002270663033605813,,68,,0,,0,,3341,,3409
2,206,95,0.0004541326067211626,,342,,0,,243,,12438,,13023
1,206,71,0.0002270663033605813,,36,,0,,4,,934,,974
10,206,170,0.002270663033605813,,420,,0,,96,,7533,,8049
12,206,108,0.0027247956403269754,,73,,0,,138,,173,,384
8,206,109,0.0018165304268846505,,1153,,0,,0,,12627,,13780
146,206,86,0.033151680290644865,,284,,0,,701,,7047,,8032
2,206,182,0.0004541326067211626,,18,,0,,47,,51,,116
5,206,74,0.0011353315168029065,,38,,0,,55,,4,,97
1,206,36,0.0002270663033605813,,108,,0,,0,,998,,1106
20,206,142,0.004541326067211626,,758,,0,,64,,8296,,9118
1,206,152,0.0002270663033605813,,328,,0,,199,,2504,,3031
12,233,129,0.0005228758169934642,,22,,0,,204,,667,,893
57,233,147,0.0024836601307189547,,562,,0,,979,,23443,,24984
47,233,116,0.0020479302832244013,,166,,0,,112,,12436,,12714
1001,233,85,0.0436165577342048,,382,,0,,148,,32528,,33058
358,233,191,0.015599128540305013,,580,,0,,172,,4432,,5184
11,233,130,0.0004793028322440087,,3402,,0,,1270,,29932,,34604
39,233,86,0.001699346405228758,,284,,0,,701,,7047,,8032
26,235,12,0.009601181683899557,,232,,0,,0,,3951,,4183
3,235,129,0.0011078286558345645,,22,,0,,204,,667,,893
39,235,147,0.014401772525849338,,562,,0,,979,,23443,,24984
18,235,116,0.0066469719350073855,,166,,0,,112,,12436,,12714
234,235,85,0.086410635155096,,382,,0,,148,,32528,,33058
154,235,191,0.0568685376661743,,580,,0,,172,,4432,,5184
2,235,130,0.0007385524372230429,,3402,,0,,1270,,29932,,34604
1,235,95,0.00036927621861152144,,342,,0,,243,,12438,,13023
3,235,71,0.0011078286558345645,,36,,0,,4,,934,,974
247,235,189,0.0912112259970458,,34,,0,,72,,26,,132
1,235,170,0.00036927621861152144,,420,,0,,96,,7533,,8049
4,235,108,0.0014771048744460858,,73,,0,,138,,173,,384
15,235,86,0.005539143279172821,,284,,0,,701,,7047,,8032
1,235,182,0.00036927621861152144,,18,,0,,47,,51,,116
1,235,74,0.00036927621861152144,,38,,0,,55,,4,,97
2,235,36,0.0007385524372230429,,108,,0,,0,,998,,1106
16,235,142,0.005908419497784343,,758,,0,,64,,8296,,9118
1,235,152,0.00036927621861152144,,328,,0,,199,,2504,,3031
20,212,12,0.0007737542556484062,,232,,0,,0,,3951,,4183
1,212,77,3.8687712782420303e-05,,68,,0,,0,,3341,,3409
1,212,71,3.8687712782420303e-05,,36,,0,,4,,934,,974
7,189,215,0.00013212034275791778,34,,0,,72,,26,934,132,974
400,189,218,0.007549733871881016,34,,0,,72,,26,934,132,974
1391,189,208,0.026254199539466238,34,,0,,72,,26,934,132,974
643,189,222,0.012136197199048734,34,,0,,72,,26,934,132,974
221,189,235,0.004171227964214262,34,,0,,72,,26,934,132,974
15211,189,265,0.2870975048129553,34,,0,,72,,26,934,132,974
234,189,256,0.004416594315050396,34,,0,,72,,26,934,132,974
495,189,247,0.009342795666452757,34,,0,,72,,26,934,132,974
251,189,249,0.004737458004605339,34,,0,,72,,26,934,132,974
2,221,12,6.481721545242416e-05,,232,,0,,0,,3951,,4183
8,221,119,0.00025926886180969663,,28,,0,,30,,1618,,1676
3,221,186,9.722582317863624e-05,,124,,0,,25,,2703,,2852
4,221,71,0.00012963443090484831,,36,,0,,4,,934,,974
8,221,182,0.00025926886180969663,,18,,0,,47,,51,,116
38,221,74,0.0012315270935960591,,38,,0,,55,,4,,97
8,221,36,0.00025926886180969663,,108,,0,,0,,998,,1106
1,221,138,3.240860772621208e-05,,106,,0,,75,,4767,,4948
72,170,212,0.2175226586102719,420,,0,,96,,7533,4767,8049,4948
13,170,218,0.039274924471299086,420,,0,,96,,7533,4767,8049,4948
8,170,208,0.024169184290030208,420,,0,,96,,7533,4767,8049,4948
9,170,227,0.027190332326283987,420,,0,,96,,7533,4767,8049,4948
6,170,266,0.01812688821752266,420,,0,,96,,7533,4767,8049,4948
22,170,206,0.06646525679758307,420,,0,,96,,7533,4767,8049,4948
12,170,233,0.03625377643504532,420,,0,,96,,7533,4767,8049,4948
1,170,235,0.0030211480362537764,420,,0,,96,,7533,4767,8049,4948
7,170,265,0.02114803625377644,420,,0,,96,,7533,4767,8049,4948
14,170,247,0.04229607250755287,420,,0,,96,,7533,4767,8049,4948
2,170,249,0.006042296072507553,420,,0,,96,,7533,4767,8049,4948
2,108,210,0.005,73,,0,,138,,173,4767,384,4948
105,108,212,0.2625,73,,0,,138,,173,4767,384,4948
11,108,218,0.0275,73,,0,,138,,173,4767,384,4948
13,108,208,0.0325,73,,0,,138,,173,4767,384,4948
52,108,221,0.13,73,,0,,138,,173,4767,384,4948
3,108,222,0.0075,73,,0,,138,,173,4767,384,4948
13,108,217,0.0325,73,,0,,138,,173,4767,384,4948
2,108,227,0.005,73,,0,,138,,173,4767,384,4948
108,108,211,0.27,73,,0,,138,,173,4767,384,4948
14,108,206,0.035,73,,0,,138,,173,4767,384,4948
32,108,233,0.08,73,,0,,138,,173,4767,384,4948
7,108,235,0.0175,73,,0,,138,,173,4767,384,4948
2,108,265,0.005,73,,0,,138,,173,4767,384,4948
30,108,247,0.075,73,,0,,138,,173,4767,384,4948
3,108,236,0.0075,73,,0,,138,,173,4767,384,4948
3,108,249,0.0075,73,,0,,138,,173,4767,384,4948
2,109,210,0.00966183574879227,1153,,0,,0,,12627,4767,13780,4948
32,109,212,0.15458937198067632,1153,,0,,0,,12627,4767,13780,4948
4,109,215,0.01932367149758454,1153,,0,,0,,12627,4767,13780,4948
3,109,218,0.014492753623188406,1153,,0,,0,,12627,4767,13780,4948
3,109,208,0.014492753623188406,1153,,0,,0,,12627,4767,13780,4948
34,109,221,0.1642512077294686,1153,,0,,0,,12627,4767,13780,4948
1,109,222,0.004830917874396135,1153,,0,,0,,12627,4767,13780,4948
50,109,211,0.24154589371980675,1153,,0,,0,,12627,4767,13780,4948
20,109,217,0.0966183574879227,1153,,0,,0,,12627,4767,13780,4948
6,109,266,0.028985507246376805,1153,,0,,0,,12627,4767,13780,4948
3,109,206,0.014492753623188406,1153,,0,,0,,12627,4767,13780,4948
7,109,233,0.033816425120772944,1153,,0,,0,,12627,4767,13780,4948
1,109,235,0.004830917874396135,1153,,0,,0,,12627,4767,13780,4948
2,109,265,0.00966183574879227,1153,,0,,0,,12627,4767,13780,4948
25,109,236,0.12077294685990338,1153,,0,,0,,12627,4767,13780,4948
12,109,247,0.05797101449275361,1153,,0,,0,,12627,4767,13780,4948
2,109,249,0.00966183574879227,1153,,0,,0,,12627,4767,13780,4948
1307,86,212,0.1706266318537859,284,,0,,701,,7047,4767,8032,4948
2,86,215,0.0002610966057441253,284,,0,,701,,7047,4767,8032,4948
11,86,218,0.0014360313315926892,284,,0,,701,,7047,4767,8032,4948
24,86,208,0.003133159268929504,284,,0,,701,,7047,4767,8032,4948
23,86,222,0.003002610966057441,284,,0,,701,,7047,4767,8032,4948
23,86,227,0.003002610966057441,284,,0,,701,,7047,4767,8032,4948
24,86,266,0.003133159268929504,284,,0,,701,,7047,4767,8032,4948
216,86,206,0.028198433420365536,284,,0,,701,,7047,4767,8032,4948
77,86,233,0.010052219321148827,284,,0,,701,,7047,4767,8032,4948
9,86,235,0.001174934725848564,284,,0,,701,,7047,4767,8032,4948
2947,86,265,0.3847258485639687,284,,0,,701,,7047,4767,8032,4948
167,86,247,0.021801566579634463,284,,0,,701,,7047,4767,8032,4948
32,86,249,0.004177545691906005,284,,0,,701,,7047,4767,8032,4948
25,182,212,0.2551020408163265,18,,0,,47,,51,4767,116,4948
3,182,218,0.030612244897959183,18,,0,,47,,51,4767,116,4948
1,182,208,0.010204081632653059,18,,0,,47,,51,4767,116,4948
8,182,221,0.08163265306122447,18,,0,,47,,51,4767,116,4948
2,182,222,0.020408163265306117,18,,0,,47,,51,4767,116,4948
5,182,217,0.051020408163265314,18,,0,,47,,51,4767,116,4948
32,182,211,0.32653061224489793,18,,0,,47,,51,4767,116,4948
5,182,206,0.051020408163265314,18,,0,,47,,51,4767,116,4948
1,182,233,0.010204081632653059,18,,0,,47,,51,4767,116,4948
1,182,235,0.010204081632653059,18,,0,,47,,51,4767,116,4948
3,182,265,0.030612244897959183,18,,0,,47,,51,4767,116,4948
9,182,247,0.09183673469387756,18,,0,,47,,51,4767,116,4948
2,182,236,0.020408163265306117,18,,0,,47,,51,4767,116,4948
1,182,249,0.010204081632653059,18,,0,,47,,51,4767,116,4948
1,74,210,0.005102040816326529,38,,0,,55,,4,4767,97,4948
38,74,212,0.19387755102040816,38,,0,,55,,4,4767,97,4948
3,74,218,0.015306122448979591,38,,0,,55,,4,4767,97,4948
4,74,208,0.020408163265306117,38,,0,,55,,4,4767,97,4948
21,74,217,0.10714285714285714,38,,0,,55,,4,4767,97,4948
3,74,227,0.015306122448979591,38,,0,,55,,4,4767,97,4948
43,74,211,0.2193877551020408,38,,0,,55,,4,4767,97,4948
16,74,206,0.08163265306122447,38,,0,,55,,4,4767,97,4948
2,74,233,0.010204081632653059,38,,0,,55,,4,4767,97,4948
4,74,235,0.020408163265306117,38,,0,,55,,4,4767,97,4948
37,74,221,0.1887755102040816,38,,0,,55,,4,4767,97,4948
1,74,265,0.005102040816326529,38,,0,,55,,4,4767,97,4948
5,74,236,0.025510204081632654,38,,0,,55,,4,4767,97,4948
2,74,256,0.010204081632653059,38,,0,,55,,4,4767,97,4948
16,74,247,0.08163265306122447,38,,0,,55,,4,4767,97,4948
623,265,129,0.009517262450351359,,22,,0,,204,,667,,893
3201,265,147,0.04890009165902842,,562,,0,,979,,23443,,24984
820,265,116,0.012526733883287504,,166,,0,,112,,12436,,12714
28399,265,166,0.4338374579896121,,128,,0,,313,,4271,,4712
6992,265,85,0.10681332111212953,,382,,0,,148,,32528,,33058
4771,265,191,0.07288420409410327,,580,,0,,172,,4432,,5184
423,265,130,0.006461961503208066,,3402,,0,,1270,,29932,,34604
4,265,119,6.110601894286588e-05,,28,,0,,30,,1618,,1676
1,265,77,1.527650473571647e-05,,68,,0,,0,,3341,,3409
1,265,186,1.527650473571647e-05,,124,,0,,25,,2703,,2852
4,265,95,6.110601894286588e-05,,342,,0,,243,,12438,,13023
14,265,170,0.00021387106630003051,,420,,0,,96,,7533,,8049
13,265,108,0.00019859456156431408,,73,,0,,138,,173,,384
2,265,109,3.055300947143294e-05,,1153,,0,,0,,12627,,13780
2557,265,86,0.03906202260922701,,284,,0,,701,,7047,,8032
3,265,74,4.5829514207149406e-05,,38,,0,,55,,4,,97
3,265,36,4.5829514207149406e-05,,108,,0,,0,,998,,1106
7,265,142,0.00010693553315001528,,758,,0,,64,,8296,,9118
27,265,152,0.0004124656278643447,,328,,0,,199,,2504,,3031
16,236,129,0.002776331771646712,,22,,0,,204,,667,,893
21,236,130,0.003643935450286309,,3402,,0,,1270,,29932,,34604
12,236,109,0.002082248828735034,,1153,,0,,0,,12627,,13780
2,236,74,0.00034704147145583897,,38,,0,,55,,4,,97
15,236,142,0.0026028110359187927,,758,,0,,64,,8296,,9118
2,36,218,0.05263157894736842,108,,0,,0,,998,8296,1106,9118
10,36,217,0.2631578947368421,108,,0,,0,,998,8296,1106,9118
11,36,211,0.2894736842105263,108,,0,,0,,998,8296,1106,9118
1,36,206,0.02631578947368421,108,,0,,0,,998,8296,1106,9118
1,36,235,0.02631578947368421,108,,0,,0,,998,8296,1106,9118
8,36,212,0.21052631578947367,108,,0,,0,,998,8296,1106,9118
2,36,221,0.05263157894736842,108,,0,,0,,998,8296,1106,9118
1,36,265,0.02631578947368421,108,,0,,0,,998,8296,1106,9118
2,36,247,0.05263157894736842,108,,0,,0,,998,8296,1106,9118
2,256,147,0.0006315124723713293,,562,,0,,979,,23443,,24984
14,256,191,0.004420587306599305,,580,,0,,172,,4432,,5184
309,256,189,0.09756867698137038,,34,,0,,72,,26,,132
6,256,86,0.0018945374171139878,,284,,0,,701,,7047,,8032
2,256,142,0.0006315124723713293,,758,,0,,64,,8296,,9118
188,247,12,0.011737528875569708,,232,,0,,0,,3951,,4183
53,247,129,0.0033089842042829496,,22,,0,,204,,667,,893
94,247,147,0.005868764437784854,,562,,0,,979,,23443,,24984
38,247,116,0.002372479240806643,,166,,0,,112,,12436,,12714
539,247,85,0.03365174502091528,,382,,0,,148,,32528,,33058
567,247,191,0.03539988761940438,,580,,0,,172,,4432,,5184
23,247,130,0.0014359742773303364,,3402,,0,,1270,,29932,,34604
2,247,77,0.00012486732846350753,,68,,0,,0,,3341,,3409
12,247,95,0.0007492039707810451,,342,,0,,243,,12438,,13023
499,247,189,0.031154398451645124,,34,,0,,72,,26,,132
12,247,170,0.0007492039707810451,,420,,0,,96,,7533,,8049
26,247,108,0.0016232752700255976,,73,,0,,138,,173,,384
7,247,109,0.00043703564962227633,,1153,,0,,0,,12627,,13780
116,247,86,0.007242305050883437,,284,,0,,701,,7047,,8032
6,247,182,0.00037460198539052256,,18,,0,,47,,51,,116
8,247,74,0.0004994693138540301,,38,,0,,55,,4,,97
34,247,142,0.002122744583879628,,758,,0,,64,,8296,,9118
13,247,152,0.0008116376350127988,,328,,0,,199,,2504,,3031
2,247,138,0.00012486732846350753,,106,,0,,75,,4767,,4948
3,236,95,0.0005205622071837585,,342,,0,,243,,12438,,13023
3,236,152,0.0005205622071837585,,328,,0,,199,,2504,,3031
2,249,129,0.001422475106685633,,22,,0,,204,,667,,893
10,249,116,0.007112375533428166,,166,,0,,112,,12436,,12714
34,249,191,0.02418207681365576,,580,,0,,172,,4432,,5184
6,249,130,0.004267425320056899,,3402,,0,,1270,,29932,,34604
1,249,108,0.0007112375533428165,,73,,0,,138,,173,,384
2,249,109,0.001422475106685633,,1153,,0,,0,,12627,,13780
22,249,86,0.015647226173541962,,284,,0,,701,,7047,,8032
30,249,142,0.02133712660028449,,758,,0,,64,,8296,,9118
89,142,212,0.13107511045655376,758,,0,,64,,8296,8296,9118,9118
2,142,215,0.0029455081001472753,758,,0,,64,,8296,8296,9118,9118
19,142,218,0.027982326951399118,758,,0,,64,,8296,8296,9118,9118
23,142,208,0.033873343151693665,758,,0,,64,,8296,8296,9118,9118
4,142,222,0.005891016200294551,758,,0,,64,,8296,8296,9118,9118
19,142,227,0.027982326951399118,758,,0,,64,,8296,8296,9118,9118
42,142,206,0.061855670103092786,758,,0,,64,,8296,8296,9118,9118
39,142,233,0.057437407952871875,758,,0,,64,,8296,8296,9118,9118
9,142,235,0.01325478645066274,758,,0,,64,,8296,8296,9118,9118
3,142,265,0.004418262150220913,758,,0,,64,,8296,8296,9118,9118
24,142,236,0.035346097201767304,758,,0,,64,,8296,8296,9118,9118
47,142,247,0.06921944035346098,758,,0,,64,,8296,8296,9118,9118
7,142,249,0.010309278350515464,758,,0,,64,,8296,8296,9118,9118
1,137,218,0.3333333333333333,8,,0,,4,,48,8296,60,9118
1,137,227,0.3333333333333333,8,,0,,4,,48,8296,60,9118
1,137,212,0.3333333333333333,8,,0,,4,,48,8296,60,9118
36,152,212,0.16744186046511628,328,,0,,199,,2504,8296,3031,9118
2,152,215,0.009302325581395349,328,,0,,199,,2504,8296,3031,9118
12,152,218,0.055813953488372085,328,,0,,199,,2504,8296,3031,9118
6,152,208,0.027906976744186046,328,,0,,199,,2504,8296,3031,9118
3,152,227,0.013953488372093023,328,,0,,199,,2504,8296,3031,9118
1,152,266,0.004651162790697674,328,,0,,199,,2504,8296,3031,9118
1,152,235,0.004651162790697674,328,,0,,199,,2504,8296,3031,9118
9,152,265,0.04186046511627907,328,,0,,199,,2504,8296,3031,9118
10,152,247,0.04651162790697674,328,,0,,199,,2504,8296,3031,9118
4,138,212,0.1,106,,0,,75,,4767,8296,4948,9118
1,138,218,0.025,106,,0,,75,,4767,8296,4948,9118
2,138,208,0.05,106,,0,,75,,4767,8296,4948,9118
5,138,217,0.125,106,,0,,75,,4767,8296,4948,9118
18,138,211,0.45,106,,0,,75,,4767,8296,4948,9118
6,138,233,0.15,106,,0,,75,,4767,8296,4948,9118
3,138,221,0.075,106,,0,,75,,4767,8296,4948,9118
1,138,247,0.025,106,,0,,75,,4767,8296,4948,9118
70,209,191,0.09162303664921466,,580,,0,,172,,4432,,5184
5,166,226,1.7619468808254368e-05,128,,0,,313,,4271,4432,4712,5184
3,166,243,1.057168128495262e-05,128,,0,,313,,4271,4432,4712,5184
2,219,191,0.03636363636363636,,580,,0,,172,,4432,,5184
50,191,209,0.00195160031225605,580,,0,,172,,4432,4432,5184,5184
1,191,219,3.9032006245121e-05,580,,0,,172,,4432,4432,5184,5184
1,191,226,3.9032006245121e-05,580,,0,,172,,4432,4432,5184,5184
48,191,228,0.0018735362997658077,580,,0,,172,,4432,4432,5184,5184
7,191,232,0.00027322404371584705,580,,0,,172,,4432,4432,5184,5184
42,191,237,0.001639344262295082,580,,0,,172,,4432,4432,5184,5184
15,191,240,0.000585480093676815,580,,0,,172,,4432,4432,5184,5184
5,191,241,0.000195160031225605,580,,0,,172,,4432,4432,5184,5184
3,191,243,0.00011709601873536298,580,,0,,172,,4432,4432,5184,5184
14,191,244,0.0005464480874316941,580,,0,,172,,4432,4432,5184,5184
55,191,256,0.002146760343481655,580,,0,,172,,4432,4432,5184,5184
35,191,257,0.001366120218579235,580,,0,,172,,4432,4432,5184,5184
81,191,248,0.003161592505854801,580,,0,,172,,4432,4432,5184,5184
19,191,253,0.000741608118657299,580,,0,,172,,4432,4432,5184,5184
5,226,166,0.5,,128,,0,,313,,4271,,4712
5,226,191,0.5,,580,,0,,172,,4432,,5184
63,228,191,0.002330657393363176,,580,,0,,172,,4432,,5184
5,232,191,0.21739130434782608,,580,,0,,172,,4432,,5184
13,237,191,0.03016241299303944,,580,,0,,172,,4432,,5184
72,240,191,0.11822660098522167,,580,,0,,172,,4432,,5184
2,241,191,0.029411764705882356,,580,,0,,172,,4432,,5184
3,243,191,0.12,,580,,0,,172,,4432,,5184
8,244,191,0.07142857142857142,,580,,0,,172,,4432,,5184
37,257,191,0.02384020618556701,,580,,0,,172,,4432,,5184
66,248,191,0.011309115832762166,,580,,0,,172,,4432,,5184
12,251,191,1.0,,580,,0,,172,,4432,,5184
56,253,191,0.019290389252497417,,580,,0,,172,,4432,,5184
0,252,191,0.0,,580,,0,,172,,4432,,5184
0,207,191,0.0,,580,,0,,172,,4432,,5184
77,207,189,0.03199002908184462,,34,,0,,72,,26,,132
0,258,191,0.0,,580,,0,,172,,4432,,5184
0,255,191,0.0,,580,,0,,172,,4432,,5184
0,259,191,0.0,,580,,0,,172,,4432,,5184
100,166,216,0.0003523893761650873,128,,0,,313,,4271,4432,4712,5184
69,166,238,0.0002431486695539103,128,,0,,313,,4271,4432,4712,5184
0,216,191,0.0,,580,,0,,172,,4432,,5184
20,216,189,0.1652892561983471,,34,,0,,72,,26,,132
0,220,191,0.0,,580,,0,,172,,4432,,5184
0,269,191,0.0,,580,,0,,172,,4432,,5184
0,191,252,0.0,580,,0,,172,,4432,4432,5184,5184
11,191,207,0.000429352068696331,580,,0,,172,,4432,4432,5184,5184
0,191,258,0.0,580,,0,,172,,4432,4432,5184,5184
0,191,255,0.0,580,,0,,172,,4432,4432,5184,5184
4,191,259,0.000156128024980484,580,,0,,172,,4432,4432,5184,5184
0,191,216,0.0,580,,0,,172,,4432,4432,5184,5184
3,191,220,0.00011709601873536298,580,,0,,172,,4432,4432,5184,5184
0,191,269,0.0,580,,0,,172,,4432,4432,5184,5184
0,191,214,0.0,580,,0,,172,,4432,4432,5184,5184
0,191,223,0.0,580,,0,,172,,4432,4432,5184,5184
0,191,224,0.0,580,,0,,172,,4432,4432,5184,5184
0,191,229,0.0,580,,0,,172,,4432,4432,5184,5184
0,191,230,0.0,580,,0,,172,,4432,4432,5184,5184
0,191,238,0.0,580,,0,,172,,4432,4432,5184,5184
0,191,239,0.0,580,,0,,172,,4432,4432,5184,5184
0,191,242,0.0,580,,0,,172,,4432,4432,5184,5184
0,191,264,0.0,580,,0,,172,,4432,4432,5184,5184
0,191,246,0.0,580,,0,,172,,4432,4432,5184,5184
0,191,280,0.0,580,,0,,172,,4432,4432,5184,5184
0,191,273,0.0,580,,0,,172,,4432,4432,5184,5184
0,191,254,0.0,580,,0,,172,,4432,4432,5184,5184
0,214,191,0.0,,580,,0,,172,,4432,,5184
3,214,189,0.0576923076923077,,34,,0,,72,,26,,132
0,223,191,0.0,,580,,0,,172,,4432,,5184
0,224,191,0.0,,580,,0,,172,,4432,,5184
0,229,191,0.0,,580,,0,,172,,4432,,5184
0,230,191,0.0,,580,,0,,172,,4432,,5184
0,230,189,0.0,,34,,0,,72,,26,,132
62,189,216,0.0011702087501415574,34,,0,,72,,26,26,132,132
4,189,214,7.549733871881016e-05,34,,0,,72,,26,26,132,132
0,189,230,0.0,34,,0,,72,,26,26,132,132
0,189,232,0.0,34,,0,,72,,26,26,132,132
40,189,239,0.0007549733871881017,34,,0,,72,,26,26,132,132
0,189,242,0.0,34,,0,,72,,26,26,132,132
63,238,166,0.984375,,128,,0,,313,,4271,,4712
0,238,191,0.0,,580,,0,,172,,4432,,5184
0,239,191,0.0,,580,,0,,172,,4432,,5184
29,239,189,0.057654075546719676,,34,,0,,72,,26,,132
0,242,191,0.0,,580,,0,,172,,4432,,5184
0,264,191,0.0,,580,,0,,172,,4432,,5184
0,246,191,0.0,,580,,0,,172,,4432,,5184
0,280,191,0.0,,580,,0,,172,,4432,,5184
0,273,191,0.0,,580,,0,,172,,4432,,5184
2,283,166,1.0,,128,,0,,313,,4271,,4712
0,254,191,0.0,,580,,0,,172,,4432,,5184
11,166,276,3.8762831378159613e-05,128,,0,,313,,4271,4432,4712,5184
0,166,271,0.0,128,,0,,313,,4271,4432,4712,5184
12,166,281,4.228672513981048e-05,128,,0,,313,,4271,4432,4712,5184
8,166,278,2.819115009320699e-05,128,,0,,313,,4271,4432,4712,5184
3,292,166,1.0,,128,,0,,313,,4271,,4712
17,276,166,1.0,,128,,0,,313,,4271,,4712
0,271,166,0.0,,128,,0,,313,,4271,,4712
14,281,166,1.0,,128,,0,,313,,4271,,4712
10,278,166,1.0,,128,,0,,313,,4271,,4712
2388,85,228,0.06796061244237009,382,,0,,148,,32528,4271,33058,4712
2376,228,85,0.08789907883541119,,382,,0,,148,,32528,,33058
32,12,227,0.0069777583951155684,232,,0,,0,,3951,32528,4183,33058
16,12,233,0.003488879197557785,232,,0,,0,,3951,32528,4183,33058
1,12,237,0.00021805494984736154,232,,0,,0,,3951,32528,4183,33058
2447,12,265,0.5335804622764937,232,,0,,0,,3951,32528,4183,33058
5,12,256,0.0010902747492368076,232,,0,,0,,3951,32528,4183,33058
253,12,248,0.05516790231138247,232,,0,,0,,3951,32528,4183,33058
31,227,12,0.011537030145143285,,232,,0,,0,,3951,,4183
3,237,12,0.006960556844547564,,232,,0,,0,,3951,,4183
2337,265,12,0.03570119156736939,,232,,0,,0,,3951,,4183
15,256,12,0.00473634354278497,,232,,0,,0,,3951,,4183
3,257,12,0.0019329896907216496,,232,,0,,0,,3951,,4183
237,248,12,0.0406100068540096,,232,,0,,0,,3951,,4183
338,207,85,0.14042376402160367,,382,,0,,148,,32528,,33058
6,216,85,0.04958677685950413,,382,,0,,148,,32528,,33058
481,85,207,0.013688883829472366,382,,0,,148,,32528,32528,33058,33058
30,85,216,0.0008537765382207298,382,,0,,148,,32528,32528,33058,33058
12,85,269,0.0003415106152882919,382,,0,,148,,32528,32528,33058,33058
22,85,234,0.0006261027946952018,382,,0,,148,,32528,32528,33058,33058
33,85,239,0.0009391541920428028,382,,0,,148,,32528,32528,33058,33058
12,85,273,0.0003415106152882919,382,,0,,148,,32528,32528,33058,33058
21,85,252,0.0005976435767545107,382,,0,,148,,32528,32528,33058,33058
63,85,254,0.0017929307302635325,382,,0,,148,,32528,32528,33058,33058
9,234,85,0.0297029702970297,,382,,0,,148,,32528,,33058
9,234,189,0.0297029702970297,,34,,0,,72,,26,,132
8,189,269,0.00015099467743762032,34,,0,,72,,26,26,132,132
1,189,267,1.887433467970254e-05,34,,0,,72,,26,26,132,132
15,189,252,0.00028311502019553813,34,,0,,72,,26,26,132,132
10,239,85,0.019880715705765408,,382,,0,,148,,32528,,33058
6,273,85,0.01892744479495268,,382,,0,,148,,32528,,33058
20,273,189,0.06309148264984228,,34,,0,,72,,26,,132
9,252,85,0.06206896551724138,,382,,0,,148,,32528,,33058
6,252,189,0.04137931034482759,,34,,0,,72,,26,,132
19,147,274,0.0019060995184590692,562,,0,,979,,23443,26,24984,132
1,147,226,0.00010032102728731942,562,,0,,979,,23443,26,24984,132
0,147,232,0.0,562,,0,,979,,23443,26,24984,132
0,147,243,0.0,562,,0,,979,,23443,26,24984,132
7,147,275,0.0007022471910112358,562,,0,,979,,23443,26,24984,132
0,147,244,0.0,562,,0,,979,,23443,26,24984,132
0,147,251,0.0,562,,0,,979,,23443,26,24984,132
108,189,274,0.0020384281454078747,34,,0,,72,,26,26,132,132
0,189,226,0.0,34,,0,,72,,26,26,132,132
0,189,243,0.0,34,,0,,72,,26,26,132,132
3,189,244,5.662300403910762e-05,34,,0,,72,,26,26,132,132
10,258,85,0.06802721088435375,,382,,0,,148,,32528,,33058
7,269,85,0.05737704918032788,,382,,0,,148,,32528,,33058
1,166,283,3.5238937616508736e-06,128,,0,,313,,4271,32528,4712,33058
20,85,258,0.0005691843588138197,382,,0,,148,,32528,32528,33058,33058
1,85,255,2.845921794069099e-05,382,,0,,148,,32528,32528,33058,33058
1,85,262,2.845921794069099e-05,382,,0,,148,,32528,32528,33058,33058
1,85,230,2.845921794069099e-05,382,,0,,148,,32528,32528,33058,33058
2,85,270,5.691843588138198e-05,382,,0,,148,,32528,32528,33058,33058
4,85,281,0.00011383687176276396,382,,0,,148,,32528,32528,33058,33058
11,85,267,0.0003130513973476009,382,,0,,148,,32528,32528,33058,33058
1,85,238,2.845921794069099e-05,382,,0,,148,,32528,32528,33058,33058
7,85,263,0.0001992145255848369,382,,0,,148,,32528,32528,33058,33058
3,85,264,8.537765382207297e-05,382,,0,,148,,32528,32528,33058,33058
2,85,272,5.691843588138198e-05,382,,0,,148,,32528,32528,33058,33058
1,85,282,2.845921794069099e-05,382,,0,,148,,32528,32528,33058,33058
3,259,85,0.016574585635359115,,382,,0,,148,,32528,,33058
1,229,85,0.003134796238244514,,382,,0,,148,,32528,,33058
1,230,85,0.009708737864077669,,382,,0,,148,,32528,,33058
1,238,85,0.015625,,382,,0,,148,,32528,,33058
6,263,85,0.08333333333333333,,382,,0,,148,,32528,,33058
16,246,85,0.031496062992125984,,382,,0,,148,,32528,,33058
1,264,85,0.00980392156862745,,382,,0,,148,,32528,,33058
1,272,85,0.017543859649122806,,382,,0,,148,,32528,,33058
2,282,85,0.040816326530612235,,382,,0,,148,,32528,,33058
18,189,228,0.0003397380242346457,34,,0,,72,,26,32528,132,33058
9,147,228,0.0009028892455858748,562,,0,,979,,23443,32528,24984,33058
4,147,257,0.0004012841091492777,562,,0,,979,,23443,32528,24984,33058
1,116,257,0.00035790980672870435,166,,0,,112,,12436,32528,12714,33058
59,85,257,0.0016790938585007685,382,,0,,148,,32528,32528,33058,33058
2,130,257,0.001536098310291859,3402,,0,,1270,,29932,32528,34604,33058
8,130,248,0.006144393241167436,3402,,0,,1270,,29932,32528,34604,33058
20,228,12,0.0007398912359883097,,232,,0,,0,,3951,,4183
9,228,147,0.0003329510561947393,,562,,0,,979,,23443,,24984
51,228,189,0.0018867226517701894,,34,,0,,72,,26,,132
99,189,257,0.0018685591332905517,34,,0,,72,,26,26,132,132
1,86,257,0.00013054830287206266,284,,0,,701,,7047,26,8032,132
18,86,248,0.002349869451697128,284,,0,,701,,7047,26,8032,132
5,257,147,0.0032216494845360823,,562,,0,,979,,23443,,24984
3,257,116,0.0019329896907216496,,166,,0,,112,,12436,,12714
85,257,85,0.0547680412371134,,382,,0,,148,,32528,,33058
2,257,86,0.001288659793814433,,284,,0,,701,,7047,,8032
1,248,116,0.00017135023989033586,,166,,0,,112,,12436,,12714
52,248,85,0.008910212474297465,,382,,0,,148,,32528,,33058
3,219,85,0.054545454545454536,,382,,0,,148,,32528,,33058
1,219,189,0.01818181818181818,,34,,0,,72,,26,,132
1,85,219,2.845921794069099e-05,382,,0,,148,,32528,26,33058,132
32,85,237,0.0009106949741021117,382,,0,,148,,32528,26,33058,132
7,189,219,0.00013212034275791778,34,,0,,72,,26,26,132,132
23,237,85,0.05336426914153132,,382,,0,,148,,32528,,33058
242,256,85,0.07641300915693085,,382,,0,,148,,32528,,33058
82,240,189,0.13464696223316913,,34,,0,,72,,26,,132
62,209,85,0.08115183246073299,,382,,0,,148,,32528,,33058
59,209,189,0.07722513089005235,,34,,0,,72,,26,,132
47,85,209,0.0013375832432124765,382,,0,,148,,32528,26,33058,132
38,85,240,0.0010814502817462577,382,,0,,148,,32528,26,33058,132
56,189,209,0.0010569627420633422,34,,0,,72,,26,26,132,132
43,240,85,0.07060755336617405,,382,,0,,148,,32528,,33058
0,166,277,0.0,128,,0,,313,,4271,32528,4712,33058
